Subject	Session	Trial	Time	Trial_Start	Trial_End	Dots_Shown	Dots_Counted	Score	Dot_Width	Dot_Height	dl_x	dl_y
sophie	1	0	1.0	1522698208.888684	1522698209.891696	24	25	0.9583333333333334	8	8	1005	797
sophie	1	0	1.0	1522698208.888684	1522698209.891696	24	25	0.9583333333333334	8	8	853	968
sophie	1	0	1.0	1522698208.888684	1522698209.891696	24	25	0.9583333333333334	8	8	150	603
sophie	1	0	1.0	1522698208.888684	1522698209.891696	24	25	0.9583333333333334	8	8	1381	680
sophie	1	0	1.0	1522698208.888684	1522698209.891696	24	25	0.9583333333333334	8	8	1433	387
sophie	1	0	1.0	1522698208.888684	1522698209.891696	24	25	0.9583333333333334	8	8	1195	592
sophie	1	0	1.0	1522698208.888684	1522698209.891696	24	25	0.9583333333333334	8	8	293	920
sophie	1	0	1.0	1522698208.888684	1522698209.891696	24	25	0.9583333333333334	8	8	153	105
sophie	1	0	1.0	1522698208.888684	1522698209.891696	24	25	0.9583333333333334	8	8	1694	889
sophie	1	0	1.0	1522698208.888684	1522698209.891696	24	25	0.9583333333333334	8	8	913	254
sophie	1	0	1.0	1522698208.888684	1522698209.891696	24	25	0.9583333333333334	8	8	1437	466
sophie	1	0	1.0	1522698208.888684	1522698209.891696	24	25	0.9583333333333334	8	8	209	551
sophie	1	0	1.0	1522698208.888684	1522698209.891696	24	25	0.9583333333333334	8	8	877	947
sophie	1	0	1.0	1522698208.888684	1522698209.891696	24	25	0.9583333333333334	8	8	771	646
sophie	1	0	1.0	1522698208.888684	1522698209.891696	24	25	0.9583333333333334	8	8	327	274
sophie	1	0	1.0	1522698208.888684	1522698209.891696	24	25	0.9583333333333334	8	8	320	873
sophie	1	0	1.0	1522698208.888684	1522698209.891696	24	25	0.9583333333333334	8	8	610	895
sophie	1	0	1.0	1522698208.888684	1522698209.891696	24	25	0.9583333333333334	8	8	525	481
sophie	1	0	1.0	1522698208.888684	1522698209.891696	24	25	0.9583333333333334	8	8	101	628
sophie	1	0	1.0	1522698208.888684	1522698209.891696	24	25	0.9583333333333334	8	8	222	1051
sophie	1	0	1.0	1522698208.888684	1522698209.891696	24	25	0.9583333333333334	8	8	1050	799
sophie	1	0	1.0	1522698208.888684	1522698209.891696	24	25	0.9583333333333334	8	8	139	824
sophie	1	0	1.0	1522698208.888684	1522698209.891696	24	25	0.9583333333333334	8	8	91	776
sophie	1	0	1.0	1522698208.888684	1522698209.891696	24	25	0.9583333333333334	8	8	1252	791
sophie	1	1	1.0	1522698217.462172	1522698218.467259	70	27	0.3857142857142857	8	8	1621	580
sophie	1	1	1.0	1522698217.462172	1522698218.467259	70	27	0.3857142857142857	8	8	1634	1038
sophie	1	1	1.0	1522698217.462172	1522698218.467259	70	27	0.3857142857142857	8	8	1464	168
sophie	1	1	1.0	1522698217.462172	1522698218.467259	70	27	0.3857142857142857	8	8	1162	672
sophie	1	1	1.0	1522698217.462172	1522698218.467259	70	27	0.3857142857142857	8	8	1035	1014
sophie	1	1	1.0	1522698217.462172	1522698218.467259	70	27	0.3857142857142857	8	8	332	80
sophie	1	1	1.0	1522698217.462172	1522698218.467259	70	27	0.3857142857142857	8	8	109	576
sophie	1	1	1.0	1522698217.462172	1522698218.467259	70	27	0.3857142857142857	8	8	670	134
sophie	1	1	1.0	1522698217.462172	1522698218.467259	70	27	0.3857142857142857	8	8	1210	1052
sophie	1	1	1.0	1522698217.462172	1522698218.467259	70	27	0.3857142857142857	8	8	153	306
sophie	1	1	1.0	1522698217.462172	1522698218.467259	70	27	0.3857142857142857	8	8	359	578
sophie	1	1	1.0	1522698217.462172	1522698218.467259	70	27	0.3857142857142857	8	8	1048	221
sophie	1	1	1.0	1522698217.462172	1522698218.467259	70	27	0.3857142857142857	8	8	99	249
sophie	1	1	1.0	1522698217.462172	1522698218.467259	70	27	0.3857142857142857	8	8	435	225
sophie	1	1	1.0	1522698217.462172	1522698218.467259	70	27	0.3857142857142857	8	8	1436	311
sophie	1	1	1.0	1522698217.462172	1522698218.467259	70	27	0.3857142857142857	8	8	536	493
sophie	1	1	1.0	1522698217.462172	1522698218.467259	70	27	0.3857142857142857	8	8	234	378
sophie	1	1	1.0	1522698217.462172	1522698218.467259	70	27	0.3857142857142857	8	8	92	844
sophie	1	1	1.0	1522698217.462172	1522698218.467259	70	27	0.3857142857142857	8	8	296	514
sophie	1	1	1.0	1522698217.462172	1522698218.467259	70	27	0.3857142857142857	8	8	1373	803
sophie	1	1	1.0	1522698217.462172	1522698218.467259	70	27	0.3857142857142857	8	8	1308	478
sophie	1	1	1.0	1522698217.462172	1522698218.467259	70	27	0.3857142857142857	8	8	1265	973
sophie	1	1	1.0	1522698217.462172	1522698218.467259	70	27	0.3857142857142857	8	8	1184	159
sophie	1	1	1.0	1522698217.462172	1522698218.467259	70	27	0.3857142857142857	8	8	661	311
sophie	1	1	1.0	1522698217.462172	1522698218.467259	70	27	0.3857142857142857	8	8	796	52
sophie	1	1	1.0	1522698217.462172	1522698218.467259	70	27	0.3857142857142857	8	8	892	857
sophie	1	1	1.0	1522698217.462172	1522698218.467259	70	27	0.3857142857142857	8	8	688	864
sophie	1	1	1.0	1522698217.462172	1522698218.467259	70	27	0.3857142857142857	8	8	1251	908
sophie	1	1	1.0	1522698217.462172	1522698218.467259	70	27	0.3857142857142857	8	8	424	593
sophie	1	1	1.0	1522698217.462172	1522698218.467259	70	27	0.3857142857142857	8	8	1570	937
sophie	1	1	1.0	1522698217.462172	1522698218.467259	70	27	0.3857142857142857	8	8	442	342
sophie	1	1	1.0	1522698217.462172	1522698218.467259	70	27	0.3857142857142857	8	8	1190	70
sophie	1	1	1.0	1522698217.462172	1522698218.467259	70	27	0.3857142857142857	8	8	820	830
sophie	1	1	1.0	1522698217.462172	1522698218.467259	70	27	0.3857142857142857	8	8	1304	871
sophie	1	1	1.0	1522698217.462172	1522698218.467259	70	27	0.3857142857142857	8	8	802	290
sophie	1	1	1.0	1522698217.462172	1522698218.467259	70	27	0.3857142857142857	8	8	615	222
sophie	1	1	1.0	1522698217.462172	1522698218.467259	70	27	0.3857142857142857	8	8	557	126
sophie	1	1	1.0	1522698217.462172	1522698218.467259	70	27	0.3857142857142857	8	8	1218	339
sophie	1	1	1.0	1522698217.462172	1522698218.467259	70	27	0.3857142857142857	8	8	1026	67
sophie	1	1	1.0	1522698217.462172	1522698218.467259	70	27	0.3857142857142857	8	8	301	137
sophie	1	1	1.0	1522698217.462172	1522698218.467259	70	27	0.3857142857142857	8	8	507	756
sophie	1	1	1.0	1522698217.462172	1522698218.467259	70	27	0.3857142857142857	8	8	812	634
sophie	1	1	1.0	1522698217.462172	1522698218.467259	70	27	0.3857142857142857	8	8	1606	968
sophie	1	1	1.0	1522698217.462172	1522698218.467259	70	27	0.3857142857142857	8	8	511	19
sophie	1	1	1.0	1522698217.462172	1522698218.467259	70	27	0.3857142857142857	8	8	660	339
sophie	1	1	1.0	1522698217.462172	1522698218.467259	70	27	0.3857142857142857	8	8	130	785
sophie	1	1	1.0	1522698217.462172	1522698218.467259	70	27	0.3857142857142857	8	8	880	1001
sophie	1	1	1.0	1522698217.462172	1522698218.467259	70	27	0.3857142857142857	8	8	1099	720
sophie	1	1	1.0	1522698217.462172	1522698218.467259	70	27	0.3857142857142857	8	8	1093	562
sophie	1	1	1.0	1522698217.462172	1522698218.467259	70	27	0.3857142857142857	8	8	929	819
sophie	1	1	1.0	1522698217.462172	1522698218.467259	70	27	0.3857142857142857	8	8	1681	712
sophie	1	1	1.0	1522698217.462172	1522698218.467259	70	27	0.3857142857142857	8	8	420	200
sophie	1	1	1.0	1522698217.462172	1522698218.467259	70	27	0.3857142857142857	8	8	101	678
sophie	1	1	1.0	1522698217.462172	1522698218.467259	70	27	0.3857142857142857	8	8	902	391
sophie	1	1	1.0	1522698217.462172	1522698218.467259	70	27	0.3857142857142857	8	8	484	794
sophie	1	1	1.0	1522698217.462172	1522698218.467259	70	27	0.3857142857142857	8	8	1537	620
sophie	1	1	1.0	1522698217.462172	1522698218.467259	70	27	0.3857142857142857	8	8	1258	24
sophie	1	1	1.0	1522698217.462172	1522698218.467259	70	27	0.3857142857142857	8	8	835	423
sophie	1	1	1.0	1522698217.462172	1522698218.467259	70	27	0.3857142857142857	8	8	604	466
sophie	1	1	1.0	1522698217.462172	1522698218.467259	70	27	0.3857142857142857	8	8	1513	1005
sophie	1	1	1.0	1522698217.462172	1522698218.467259	70	27	0.3857142857142857	8	8	772	170
sophie	1	1	1.0	1522698217.462172	1522698218.467259	70	27	0.3857142857142857	8	8	594	388
sophie	1	1	1.0	1522698217.462172	1522698218.467259	70	27	0.3857142857142857	8	8	1463	540
sophie	1	1	1.0	1522698217.462172	1522698218.467259	70	27	0.3857142857142857	8	8	1618	477
sophie	1	1	1.0	1522698217.462172	1522698218.467259	70	27	0.3857142857142857	8	8	1258	251
sophie	1	1	1.0	1522698217.462172	1522698218.467259	70	27	0.3857142857142857	8	8	565	597
sophie	1	1	1.0	1522698217.462172	1522698218.467259	70	27	0.3857142857142857	8	8	900	345
sophie	1	1	1.0	1522698217.462172	1522698218.467259	70	27	0.3857142857142857	8	8	741	229
sophie	1	1	1.0	1522698217.462172	1522698218.467259	70	27	0.3857142857142857	8	8	1483	792
sophie	1	1	1.0	1522698217.462172	1522698218.467259	70	27	0.3857142857142857	8	8	1028	431
sophie	1	2	1.0	1522698224.66109	1522698225.667583	74	40	0.5405405405405406	8	8	209	63
sophie	1	2	1.0	1522698224.66109	1522698225.667583	74	40	0.5405405405405406	8	8	1370	103
sophie	1	2	1.0	1522698224.66109	1522698225.667583	74	40	0.5405405405405406	8	8	296	999
sophie	1	2	1.0	1522698224.66109	1522698225.667583	74	40	0.5405405405405406	8	8	1640	882
sophie	1	2	1.0	1522698224.66109	1522698225.667583	74	40	0.5405405405405406	8	8	1011	166
sophie	1	2	1.0	1522698224.66109	1522698225.667583	74	40	0.5405405405405406	8	8	686	238
sophie	1	2	1.0	1522698224.66109	1522698225.667583	74	40	0.5405405405405406	8	8	249	90
sophie	1	2	1.0	1522698224.66109	1522698225.667583	74	40	0.5405405405405406	8	8	738	881
sophie	1	2	1.0	1522698224.66109	1522698225.667583	74	40	0.5405405405405406	8	8	24	720
sophie	1	2	1.0	1522698224.66109	1522698225.667583	74	40	0.5405405405405406	8	8	1473	892
sophie	1	2	1.0	1522698224.66109	1522698225.667583	74	40	0.5405405405405406	8	8	750	338
sophie	1	2	1.0	1522698224.66109	1522698225.667583	74	40	0.5405405405405406	8	8	489	603
sophie	1	2	1.0	1522698224.66109	1522698225.667583	74	40	0.5405405405405406	8	8	1340	631
sophie	1	2	1.0	1522698224.66109	1522698225.667583	74	40	0.5405405405405406	8	8	690	813
sophie	1	2	1.0	1522698224.66109	1522698225.667583	74	40	0.5405405405405406	8	8	1509	260
sophie	1	2	1.0	1522698224.66109	1522698225.667583	74	40	0.5405405405405406	8	8	88	505
sophie	1	2	1.0	1522698224.66109	1522698225.667583	74	40	0.5405405405405406	8	8	440	948
sophie	1	2	1.0	1522698224.66109	1522698225.667583	74	40	0.5405405405405406	8	8	730	36
sophie	1	2	1.0	1522698224.66109	1522698225.667583	74	40	0.5405405405405406	8	8	259	39
sophie	1	2	1.0	1522698224.66109	1522698225.667583	74	40	0.5405405405405406	8	8	1282	966
sophie	1	2	1.0	1522698224.66109	1522698225.667583	74	40	0.5405405405405406	8	8	597	762
sophie	1	2	1.0	1522698224.66109	1522698225.667583	74	40	0.5405405405405406	8	8	1397	989
sophie	1	2	1.0	1522698224.66109	1522698225.667583	74	40	0.5405405405405406	8	8	781	415
sophie	1	2	1.0	1522698224.66109	1522698225.667583	74	40	0.5405405405405406	8	8	933	687
sophie	1	2	1.0	1522698224.66109	1522698225.667583	74	40	0.5405405405405406	8	8	1376	797
sophie	1	2	1.0	1522698224.66109	1522698225.667583	74	40	0.5405405405405406	8	8	230	953
sophie	1	2	1.0	1522698224.66109	1522698225.667583	74	40	0.5405405405405406	8	8	853	136
sophie	1	2	1.0	1522698224.66109	1522698225.667583	74	40	0.5405405405405406	8	8	675	725
sophie	1	2	1.0	1522698224.66109	1522698225.667583	74	40	0.5405405405405406	8	8	1335	997
sophie	1	2	1.0	1522698224.66109	1522698225.667583	74	40	0.5405405405405406	8	8	1424	30
sophie	1	2	1.0	1522698224.66109	1522698225.667583	74	40	0.5405405405405406	8	8	285	242
sophie	1	2	1.0	1522698224.66109	1522698225.667583	74	40	0.5405405405405406	8	8	1574	583
sophie	1	2	1.0	1522698224.66109	1522698225.667583	74	40	0.5405405405405406	8	8	632	992
sophie	1	2	1.0	1522698224.66109	1522698225.667583	74	40	0.5405405405405406	8	8	1624	221
sophie	1	2	1.0	1522698224.66109	1522698225.667583	74	40	0.5405405405405406	8	8	105	946
sophie	1	2	1.0	1522698224.66109	1522698225.667583	74	40	0.5405405405405406	8	8	495	843
sophie	1	2	1.0	1522698224.66109	1522698225.667583	74	40	0.5405405405405406	8	8	391	762
sophie	1	2	1.0	1522698224.66109	1522698225.667583	74	40	0.5405405405405406	8	8	397	866
sophie	1	2	1.0	1522698224.66109	1522698225.667583	74	40	0.5405405405405406	8	8	483	42
sophie	1	2	1.0	1522698224.66109	1522698225.667583	74	40	0.5405405405405406	8	8	374	526
sophie	1	2	1.0	1522698224.66109	1522698225.667583	74	40	0.5405405405405406	8	8	342	767
sophie	1	2	1.0	1522698224.66109	1522698225.667583	74	40	0.5405405405405406	8	8	189	969
sophie	1	2	1.0	1522698224.66109	1522698225.667583	74	40	0.5405405405405406	8	8	178	351
sophie	1	2	1.0	1522698224.66109	1522698225.667583	74	40	0.5405405405405406	8	8	331	479
sophie	1	2	1.0	1522698224.66109	1522698225.667583	74	40	0.5405405405405406	8	8	1170	504
sophie	1	2	1.0	1522698224.66109	1522698225.667583	74	40	0.5405405405405406	8	8	1076	1031
sophie	1	2	1.0	1522698224.66109	1522698225.667583	74	40	0.5405405405405406	8	8	1550	689
sophie	1	2	1.0	1522698224.66109	1522698225.667583	74	40	0.5405405405405406	8	8	612	509
sophie	1	2	1.0	1522698224.66109	1522698225.667583	74	40	0.5405405405405406	8	8	886	795
sophie	1	2	1.0	1522698224.66109	1522698225.667583	74	40	0.5405405405405406	8	8	1247	69
sophie	1	2	1.0	1522698224.66109	1522698225.667583	74	40	0.5405405405405406	8	8	1247	576
sophie	1	2	1.0	1522698224.66109	1522698225.667583	74	40	0.5405405405405406	8	8	657	61
sophie	1	2	1.0	1522698224.66109	1522698225.667583	74	40	0.5405405405405406	8	8	438	315
sophie	1	2	1.0	1522698224.66109	1522698225.667583	74	40	0.5405405405405406	8	8	638	255
sophie	1	2	1.0	1522698224.66109	1522698225.667583	74	40	0.5405405405405406	8	8	1690	881
sophie	1	2	1.0	1522698224.66109	1522698225.667583	74	40	0.5405405405405406	8	8	48	923
sophie	1	2	1.0	1522698224.66109	1522698225.667583	74	40	0.5405405405405406	8	8	1092	665
sophie	1	2	1.0	1522698224.66109	1522698225.667583	74	40	0.5405405405405406	8	8	1503	575
sophie	1	2	1.0	1522698224.66109	1522698225.667583	74	40	0.5405405405405406	8	8	807	90
sophie	1	2	1.0	1522698224.66109	1522698225.667583	74	40	0.5405405405405406	8	8	1003	838
sophie	1	2	1.0	1522698224.66109	1522698225.667583	74	40	0.5405405405405406	8	8	843	424
sophie	1	2	1.0	1522698224.66109	1522698225.667583	74	40	0.5405405405405406	8	8	1240	262
sophie	1	2	1.0	1522698224.66109	1522698225.667583	74	40	0.5405405405405406	8	8	445	360
sophie	1	2	1.0	1522698224.66109	1522698225.667583	74	40	0.5405405405405406	8	8	1700	1048
sophie	1	2	1.0	1522698224.66109	1522698225.667583	74	40	0.5405405405405406	8	8	153	927
sophie	1	2	1.0	1522698224.66109	1522698225.667583	74	40	0.5405405405405406	8	8	1542	449
sophie	1	2	1.0	1522698224.66109	1522698225.667583	74	40	0.5405405405405406	8	8	121	289
sophie	1	2	1.0	1522698224.66109	1522698225.667583	74	40	0.5405405405405406	8	8	759	752
sophie	1	2	1.0	1522698224.66109	1522698225.667583	74	40	0.5405405405405406	8	8	1473	176
sophie	1	2	1.0	1522698224.66109	1522698225.667583	74	40	0.5405405405405406	8	8	1587	626
sophie	1	2	1.0	1522698224.66109	1522698225.667583	74	40	0.5405405405405406	8	8	317	515
sophie	1	2	1.0	1522698224.66109	1522698225.667583	74	40	0.5405405405405406	8	8	645	816
sophie	1	2	1.0	1522698224.66109	1522698225.667583	74	40	0.5405405405405406	8	8	1449	443
sophie	1	2	1.0	1522698224.66109	1522698225.667583	74	40	0.5405405405405406	8	8	655	758
sophie	1	3	1.0	1522698232.145603	1522698233.147965	70	30	0.4285714285714286	8	8	470	152
sophie	1	3	1.0	1522698232.145603	1522698233.147965	70	30	0.4285714285714286	8	8	197	355
sophie	1	3	1.0	1522698232.145603	1522698233.147965	70	30	0.4285714285714286	8	8	1604	698
sophie	1	3	1.0	1522698232.145603	1522698233.147965	70	30	0.4285714285714286	8	8	1466	468
sophie	1	3	1.0	1522698232.145603	1522698233.147965	70	30	0.4285714285714286	8	8	861	1043
sophie	1	3	1.0	1522698232.145603	1522698233.147965	70	30	0.4285714285714286	8	8	1227	717
sophie	1	3	1.0	1522698232.145603	1522698233.147965	70	30	0.4285714285714286	8	8	1550	957
sophie	1	3	1.0	1522698232.145603	1522698233.147965	70	30	0.4285714285714286	8	8	813	971
sophie	1	3	1.0	1522698232.145603	1522698233.147965	70	30	0.4285714285714286	8	8	1675	876
sophie	1	3	1.0	1522698232.145603	1522698233.147965	70	30	0.4285714285714286	8	8	1308	282
sophie	1	3	1.0	1522698232.145603	1522698233.147965	70	30	0.4285714285714286	8	8	136	568
sophie	1	3	1.0	1522698232.145603	1522698233.147965	70	30	0.4285714285714286	8	8	1425	144
sophie	1	3	1.0	1522698232.145603	1522698233.147965	70	30	0.4285714285714286	8	8	1572	865
sophie	1	3	1.0	1522698232.145603	1522698233.147965	70	30	0.4285714285714286	8	8	1449	390
sophie	1	3	1.0	1522698232.145603	1522698233.147965	70	30	0.4285714285714286	8	8	1261	208
sophie	1	3	1.0	1522698232.145603	1522698233.147965	70	30	0.4285714285714286	8	8	1097	820
sophie	1	3	1.0	1522698232.145603	1522698233.147965	70	30	0.4285714285714286	8	8	213	37
sophie	1	3	1.0	1522698232.145603	1522698233.147965	70	30	0.4285714285714286	8	8	23	1023
sophie	1	3	1.0	1522698232.145603	1522698233.147965	70	30	0.4285714285714286	8	8	229	471
sophie	1	3	1.0	1522698232.145603	1522698233.147965	70	30	0.4285714285714286	8	8	914	67
sophie	1	3	1.0	1522698232.145603	1522698233.147965	70	30	0.4285714285714286	8	8	1161	762
sophie	1	3	1.0	1522698232.145603	1522698233.147965	70	30	0.4285714285714286	8	8	1209	503
sophie	1	3	1.0	1522698232.145603	1522698233.147965	70	30	0.4285714285714286	8	8	238	369
sophie	1	3	1.0	1522698232.145603	1522698233.147965	70	30	0.4285714285714286	8	8	151	743
sophie	1	3	1.0	1522698232.145603	1522698233.147965	70	30	0.4285714285714286	8	8	1137	528
sophie	1	3	1.0	1522698232.145603	1522698233.147965	70	30	0.4285714285714286	8	8	687	652
sophie	1	3	1.0	1522698232.145603	1522698233.147965	70	30	0.4285714285714286	8	8	983	189
sophie	1	3	1.0	1522698232.145603	1522698233.147965	70	30	0.4285714285714286	8	8	1640	936
sophie	1	3	1.0	1522698232.145603	1522698233.147965	70	30	0.4285714285714286	8	8	1653	791
sophie	1	3	1.0	1522698232.145603	1522698233.147965	70	30	0.4285714285714286	8	8	489	371
sophie	1	3	1.0	1522698232.145603	1522698233.147965	70	30	0.4285714285714286	8	8	270	439
sophie	1	3	1.0	1522698232.145603	1522698233.147965	70	30	0.4285714285714286	8	8	54	516
sophie	1	3	1.0	1522698232.145603	1522698233.147965	70	30	0.4285714285714286	8	8	1287	1035
sophie	1	3	1.0	1522698232.145603	1522698233.147965	70	30	0.4285714285714286	8	8	1568	639
sophie	1	3	1.0	1522698232.145603	1522698233.147965	70	30	0.4285714285714286	8	8	489	707
sophie	1	3	1.0	1522698232.145603	1522698233.147965	70	30	0.4285714285714286	8	8	449	291
sophie	1	3	1.0	1522698232.145603	1522698233.147965	70	30	0.4285714285714286	8	8	1660	1003
sophie	1	3	1.0	1522698232.145603	1522698233.147965	70	30	0.4285714285714286	8	8	677	500
sophie	1	3	1.0	1522698232.145603	1522698233.147965	70	30	0.4285714285714286	8	8	1221	49
sophie	1	3	1.0	1522698232.145603	1522698233.147965	70	30	0.4285714285714286	8	8	879	233
sophie	1	3	1.0	1522698232.145603	1522698233.147965	70	30	0.4285714285714286	8	8	238	831
sophie	1	3	1.0	1522698232.145603	1522698233.147965	70	30	0.4285714285714286	8	8	1253	1061
sophie	1	3	1.0	1522698232.145603	1522698233.147965	70	30	0.4285714285714286	8	8	457	568
sophie	1	3	1.0	1522698232.145603	1522698233.147965	70	30	0.4285714285714286	8	8	975	912
sophie	1	3	1.0	1522698232.145603	1522698233.147965	70	30	0.4285714285714286	8	8	1568	500
sophie	1	3	1.0	1522698232.145603	1522698233.147965	70	30	0.4285714285714286	8	8	689	889
sophie	1	3	1.0	1522698232.145603	1522698233.147965	70	30	0.4285714285714286	8	8	1362	874
sophie	1	3	1.0	1522698232.145603	1522698233.147965	70	30	0.4285714285714286	8	8	816	716
sophie	1	3	1.0	1522698232.145603	1522698233.147965	70	30	0.4285714285714286	8	8	1137	955
sophie	1	3	1.0	1522698232.145603	1522698233.147965	70	30	0.4285714285714286	8	8	1684	244
sophie	1	3	1.0	1522698232.145603	1522698233.147965	70	30	0.4285714285714286	8	8	707	923
sophie	1	3	1.0	1522698232.145603	1522698233.147965	70	30	0.4285714285714286	8	8	336	799
sophie	1	3	1.0	1522698232.145603	1522698233.147965	70	30	0.4285714285714286	8	8	869	759
sophie	1	3	1.0	1522698232.145603	1522698233.147965	70	30	0.4285714285714286	8	8	1361	159
sophie	1	3	1.0	1522698232.145603	1522698233.147965	70	30	0.4285714285714286	8	8	1039	63
sophie	1	3	1.0	1522698232.145603	1522698233.147965	70	30	0.4285714285714286	8	8	1141	219
sophie	1	3	1.0	1522698232.145603	1522698233.147965	70	30	0.4285714285714286	8	8	57	854
sophie	1	3	1.0	1522698232.145603	1522698233.147965	70	30	0.4285714285714286	8	8	742	990
sophie	1	3	1.0	1522698232.145603	1522698233.147965	70	30	0.4285714285714286	8	8	1307	781
sophie	1	3	1.0	1522698232.145603	1522698233.147965	70	30	0.4285714285714286	8	8	84	360
sophie	1	3	1.0	1522698232.145603	1522698233.147965	70	30	0.4285714285714286	8	8	140	981
sophie	1	3	1.0	1522698232.145603	1522698233.147965	70	30	0.4285714285714286	8	8	185	691
sophie	1	3	1.0	1522698232.145603	1522698233.147965	70	30	0.4285714285714286	8	8	111	511
sophie	1	3	1.0	1522698232.145603	1522698233.147965	70	30	0.4285714285714286	8	8	276	681
sophie	1	3	1.0	1522698232.145603	1522698233.147965	70	30	0.4285714285714286	8	8	1601	510
sophie	1	3	1.0	1522698232.145603	1522698233.147965	70	30	0.4285714285714286	8	8	552	649
sophie	1	3	1.0	1522698232.145603	1522698233.147965	70	30	0.4285714285714286	8	8	1120	441
sophie	1	3	1.0	1522698232.145603	1522698233.147965	70	30	0.4285714285714286	8	8	902	637
sophie	1	3	1.0	1522698232.145603	1522698233.147965	70	30	0.4285714285714286	8	8	1408	856
sophie	1	3	1.0	1522698232.145603	1522698233.147965	70	30	0.4285714285714286	8	8	1366	193
sophie	1	4	1.0	1522698241.494617	1522698242.504158	64	25	0.390625	8	8	1589	125
sophie	1	4	1.0	1522698241.494617	1522698242.504158	64	25	0.390625	8	8	939	226
sophie	1	4	1.0	1522698241.494617	1522698242.504158	64	25	0.390625	8	8	1596	775
sophie	1	4	1.0	1522698241.494617	1522698242.504158	64	25	0.390625	8	8	1493	186
sophie	1	4	1.0	1522698241.494617	1522698242.504158	64	25	0.390625	8	8	221	621
sophie	1	4	1.0	1522698241.494617	1522698242.504158	64	25	0.390625	8	8	1620	248
sophie	1	4	1.0	1522698241.494617	1522698242.504158	64	25	0.390625	8	8	1267	71
sophie	1	4	1.0	1522698241.494617	1522698242.504158	64	25	0.390625	8	8	1541	715
sophie	1	4	1.0	1522698241.494617	1522698242.504158	64	25	0.390625	8	8	1463	1012
sophie	1	4	1.0	1522698241.494617	1522698242.504158	64	25	0.390625	8	8	64	848
sophie	1	4	1.0	1522698241.494617	1522698242.504158	64	25	0.390625	8	8	945	649
sophie	1	4	1.0	1522698241.494617	1522698242.504158	64	25	0.390625	8	8	204	169
sophie	1	4	1.0	1522698241.494617	1522698242.504158	64	25	0.390625	8	8	1168	111
sophie	1	4	1.0	1522698241.494617	1522698242.504158	64	25	0.390625	8	8	1367	859
sophie	1	4	1.0	1522698241.494617	1522698242.504158	64	25	0.390625	8	8	614	876
sophie	1	4	1.0	1522698241.494617	1522698242.504158	64	25	0.390625	8	8	628	742
sophie	1	4	1.0	1522698241.494617	1522698242.504158	64	25	0.390625	8	8	1678	774
sophie	1	4	1.0	1522698241.494617	1522698242.504158	64	25	0.390625	8	8	1631	696
sophie	1	4	1.0	1522698241.494617	1522698242.504158	64	25	0.390625	8	8	1064	315
sophie	1	4	1.0	1522698241.494617	1522698242.504158	64	25	0.390625	8	8	171	585
sophie	1	4	1.0	1522698241.494617	1522698242.504158	64	25	0.390625	8	8	1086	292
sophie	1	4	1.0	1522698241.494617	1522698242.504158	64	25	0.390625	8	8	742	899
sophie	1	4	1.0	1522698241.494617	1522698242.504158	64	25	0.390625	8	8	85	826
sophie	1	4	1.0	1522698241.494617	1522698242.504158	64	25	0.390625	8	8	705	841
sophie	1	4	1.0	1522698241.494617	1522698242.504158	64	25	0.390625	8	8	1111	639
sophie	1	4	1.0	1522698241.494617	1522698242.504158	64	25	0.390625	8	8	214	97
sophie	1	4	1.0	1522698241.494617	1522698242.504158	64	25	0.390625	8	8	434	488
sophie	1	4	1.0	1522698241.494617	1522698242.504158	64	25	0.390625	8	8	1632	618
sophie	1	4	1.0	1522698241.494617	1522698242.504158	64	25	0.390625	8	8	641	654
sophie	1	4	1.0	1522698241.494617	1522698242.504158	64	25	0.390625	8	8	1238	867
sophie	1	4	1.0	1522698241.494617	1522698242.504158	64	25	0.390625	8	8	194	849
sophie	1	4	1.0	1522698241.494617	1522698242.504158	64	25	0.390625	8	8	534	551
sophie	1	4	1.0	1522698241.494617	1522698242.504158	64	25	0.390625	8	8	68	887
sophie	1	4	1.0	1522698241.494617	1522698242.504158	64	25	0.390625	8	8	805	29
sophie	1	4	1.0	1522698241.494617	1522698242.504158	64	25	0.390625	8	8	1075	588
sophie	1	4	1.0	1522698241.494617	1522698242.504158	64	25	0.390625	8	8	1220	519
sophie	1	4	1.0	1522698241.494617	1522698242.504158	64	25	0.390625	8	8	1121	311
sophie	1	4	1.0	1522698241.494617	1522698242.504158	64	25	0.390625	8	8	1303	618
sophie	1	4	1.0	1522698241.494617	1522698242.504158	64	25	0.390625	8	8	1188	779
sophie	1	4	1.0	1522698241.494617	1522698242.504158	64	25	0.390625	8	8	43	429
sophie	1	4	1.0	1522698241.494617	1522698242.504158	64	25	0.390625	8	8	543	399
sophie	1	4	1.0	1522698241.494617	1522698242.504158	64	25	0.390625	8	8	1370	41
sophie	1	4	1.0	1522698241.494617	1522698242.504158	64	25	0.390625	8	8	64	739
sophie	1	4	1.0	1522698241.494617	1522698242.504158	64	25	0.390625	8	8	814	729
sophie	1	4	1.0	1522698241.494617	1522698242.504158	64	25	0.390625	8	8	850	155
sophie	1	4	1.0	1522698241.494617	1522698242.504158	64	25	0.390625	8	8	1693	20
sophie	1	4	1.0	1522698241.494617	1522698242.504158	64	25	0.390625	8	8	516	412
sophie	1	4	1.0	1522698241.494617	1522698242.504158	64	25	0.390625	8	8	399	749
sophie	1	4	1.0	1522698241.494617	1522698242.504158	64	25	0.390625	8	8	1292	230
sophie	1	4	1.0	1522698241.494617	1522698242.504158	64	25	0.390625	8	8	1212	350
sophie	1	4	1.0	1522698241.494617	1522698242.504158	64	25	0.390625	8	8	816	981
sophie	1	4	1.0	1522698241.494617	1522698242.504158	64	25	0.390625	8	8	390	33
sophie	1	4	1.0	1522698241.494617	1522698242.504158	64	25	0.390625	8	8	84	916
sophie	1	4	1.0	1522698241.494617	1522698242.504158	64	25	0.390625	8	8	655	475
sophie	1	4	1.0	1522698241.494617	1522698242.504158	64	25	0.390625	8	8	1590	211
sophie	1	4	1.0	1522698241.494617	1522698242.504158	64	25	0.390625	8	8	589	932
sophie	1	4	1.0	1522698241.494617	1522698242.504158	64	25	0.390625	8	8	509	183
sophie	1	4	1.0	1522698241.494617	1522698242.504158	64	25	0.390625	8	8	1197	209
sophie	1	4	1.0	1522698241.494617	1522698242.504158	64	25	0.390625	8	8	1277	191
sophie	1	4	1.0	1522698241.494617	1522698242.504158	64	25	0.390625	8	8	143	655
sophie	1	4	1.0	1522698241.494617	1522698242.504158	64	25	0.390625	8	8	293	597
sophie	1	4	1.0	1522698241.494617	1522698242.504158	64	25	0.390625	8	8	1338	596
sophie	1	4	1.0	1522698241.494617	1522698242.504158	64	25	0.390625	8	8	468	786
sophie	1	4	1.0	1522698241.494617	1522698242.504158	64	25	0.390625	8	8	858	403
sophie	1	5	1.0	1522698247.334917	1522698248.338062	38	30	0.7894736842105263	8	8	1482	807
sophie	1	5	1.0	1522698247.334917	1522698248.338062	38	30	0.7894736842105263	8	8	684	388
sophie	1	5	1.0	1522698247.334917	1522698248.338062	38	30	0.7894736842105263	8	8	529	758
sophie	1	5	1.0	1522698247.334917	1522698248.338062	38	30	0.7894736842105263	8	8	1400	377
sophie	1	5	1.0	1522698247.334917	1522698248.338062	38	30	0.7894736842105263	8	8	1644	795
sophie	1	5	1.0	1522698247.334917	1522698248.338062	38	30	0.7894736842105263	8	8	1125	658
sophie	1	5	1.0	1522698247.334917	1522698248.338062	38	30	0.7894736842105263	8	8	654	200
sophie	1	5	1.0	1522698247.334917	1522698248.338062	38	30	0.7894736842105263	8	8	588	637
sophie	1	5	1.0	1522698247.334917	1522698248.338062	38	30	0.7894736842105263	8	8	171	690
sophie	1	5	1.0	1522698247.334917	1522698248.338062	38	30	0.7894736842105263	8	8	557	212
sophie	1	5	1.0	1522698247.334917	1522698248.338062	38	30	0.7894736842105263	8	8	776	504
sophie	1	5	1.0	1522698247.334917	1522698248.338062	38	30	0.7894736842105263	8	8	848	870
sophie	1	5	1.0	1522698247.334917	1522698248.338062	38	30	0.7894736842105263	8	8	1023	733
sophie	1	5	1.0	1522698247.334917	1522698248.338062	38	30	0.7894736842105263	8	8	1019	819
sophie	1	5	1.0	1522698247.334917	1522698248.338062	38	30	0.7894736842105263	8	8	816	765
sophie	1	5	1.0	1522698247.334917	1522698248.338062	38	30	0.7894736842105263	8	8	260	746
sophie	1	5	1.0	1522698247.334917	1522698248.338062	38	30	0.7894736842105263	8	8	363	251
sophie	1	5	1.0	1522698247.334917	1522698248.338062	38	30	0.7894736842105263	8	8	31	89
sophie	1	5	1.0	1522698247.334917	1522698248.338062	38	30	0.7894736842105263	8	8	158	775
sophie	1	5	1.0	1522698247.334917	1522698248.338062	38	30	0.7894736842105263	8	8	711	359
sophie	1	5	1.0	1522698247.334917	1522698248.338062	38	30	0.7894736842105263	8	8	1559	571
sophie	1	5	1.0	1522698247.334917	1522698248.338062	38	30	0.7894736842105263	8	8	1211	308
sophie	1	5	1.0	1522698247.334917	1522698248.338062	38	30	0.7894736842105263	8	8	762	18
sophie	1	5	1.0	1522698247.334917	1522698248.338062	38	30	0.7894736842105263	8	8	80	1049
sophie	1	5	1.0	1522698247.334917	1522698248.338062	38	30	0.7894736842105263	8	8	1405	828
sophie	1	5	1.0	1522698247.334917	1522698248.338062	38	30	0.7894736842105263	8	8	913	957
sophie	1	5	1.0	1522698247.334917	1522698248.338062	38	30	0.7894736842105263	8	8	493	25
sophie	1	5	1.0	1522698247.334917	1522698248.338062	38	30	0.7894736842105263	8	8	1231	36
sophie	1	5	1.0	1522698247.334917	1522698248.338062	38	30	0.7894736842105263	8	8	941	458
sophie	1	5	1.0	1522698247.334917	1522698248.338062	38	30	0.7894736842105263	8	8	883	422
sophie	1	5	1.0	1522698247.334917	1522698248.338062	38	30	0.7894736842105263	8	8	606	48
sophie	1	5	1.0	1522698247.334917	1522698248.338062	38	30	0.7894736842105263	8	8	1158	97
sophie	1	5	1.0	1522698247.334917	1522698248.338062	38	30	0.7894736842105263	8	8	189	945
sophie	1	5	1.0	1522698247.334917	1522698248.338062	38	30	0.7894736842105263	8	8	650	24
sophie	1	5	1.0	1522698247.334917	1522698248.338062	38	30	0.7894736842105263	8	8	53	301
sophie	1	5	1.0	1522698247.334917	1522698248.338062	38	30	0.7894736842105263	8	8	1159	500
sophie	1	5	1.0	1522698247.334917	1522698248.338062	38	30	0.7894736842105263	8	8	1177	196
sophie	1	5	1.0	1522698247.334917	1522698248.338062	38	30	0.7894736842105263	8	8	316	296
sophie	1	6	1.0	1522698252.597239	1522698253.598229	31	15	0.4838709677419355	8	8	670	1060
sophie	1	6	1.0	1522698252.597239	1522698253.598229	31	15	0.4838709677419355	8	8	1396	195
sophie	1	6	1.0	1522698252.597239	1522698253.598229	31	15	0.4838709677419355	8	8	1539	798
sophie	1	6	1.0	1522698252.597239	1522698253.598229	31	15	0.4838709677419355	8	8	1611	801
sophie	1	6	1.0	1522698252.597239	1522698253.598229	31	15	0.4838709677419355	8	8	865	601
sophie	1	6	1.0	1522698252.597239	1522698253.598229	31	15	0.4838709677419355	8	8	179	529
sophie	1	6	1.0	1522698252.597239	1522698253.598229	31	15	0.4838709677419355	8	8	701	270
sophie	1	6	1.0	1522698252.597239	1522698253.598229	31	15	0.4838709677419355	8	8	70	481
sophie	1	6	1.0	1522698252.597239	1522698253.598229	31	15	0.4838709677419355	8	8	1212	966
sophie	1	6	1.0	1522698252.597239	1522698253.598229	31	15	0.4838709677419355	8	8	1356	657
sophie	1	6	1.0	1522698252.597239	1522698253.598229	31	15	0.4838709677419355	8	8	1306	534
sophie	1	6	1.0	1522698252.597239	1522698253.598229	31	15	0.4838709677419355	8	8	1182	950
sophie	1	6	1.0	1522698252.597239	1522698253.598229	31	15	0.4838709677419355	8	8	1231	605
sophie	1	6	1.0	1522698252.597239	1522698253.598229	31	15	0.4838709677419355	8	8	638	800
sophie	1	6	1.0	1522698252.597239	1522698253.598229	31	15	0.4838709677419355	8	8	372	139
sophie	1	6	1.0	1522698252.597239	1522698253.598229	31	15	0.4838709677419355	8	8	73	749
sophie	1	6	1.0	1522698252.597239	1522698253.598229	31	15	0.4838709677419355	8	8	828	833
sophie	1	6	1.0	1522698252.597239	1522698253.598229	31	15	0.4838709677419355	8	8	408	107
sophie	1	6	1.0	1522698252.597239	1522698253.598229	31	15	0.4838709677419355	8	8	1376	723
sophie	1	6	1.0	1522698252.597239	1522698253.598229	31	15	0.4838709677419355	8	8	1200	209
sophie	1	6	1.0	1522698252.597239	1522698253.598229	31	15	0.4838709677419355	8	8	803	100
sophie	1	6	1.0	1522698252.597239	1522698253.598229	31	15	0.4838709677419355	8	8	1264	926
sophie	1	6	1.0	1522698252.597239	1522698253.598229	31	15	0.4838709677419355	8	8	640	504
sophie	1	6	1.0	1522698252.597239	1522698253.598229	31	15	0.4838709677419355	8	8	1259	73
sophie	1	6	1.0	1522698252.597239	1522698253.598229	31	15	0.4838709677419355	8	8	53	602
sophie	1	6	1.0	1522698252.597239	1522698253.598229	31	15	0.4838709677419355	8	8	1119	1040
sophie	1	6	1.0	1522698252.597239	1522698253.598229	31	15	0.4838709677419355	8	8	1487	671
sophie	1	6	1.0	1522698252.597239	1522698253.598229	31	15	0.4838709677419355	8	8	1136	963
sophie	1	6	1.0	1522698252.597239	1522698253.598229	31	15	0.4838709677419355	8	8	578	54
sophie	1	6	1.0	1522698252.597239	1522698253.598229	31	15	0.4838709677419355	8	8	1346	222
sophie	1	6	1.0	1522698252.597239	1522698253.598229	31	15	0.4838709677419355	8	8	1563	390
sophie	1	7	1.0	1522698263.98423	1522698264.986717	77	30	0.38961038961038963	8	8	544	978
sophie	1	7	1.0	1522698263.98423	1522698264.986717	77	30	0.38961038961038963	8	8	655	384
sophie	1	7	1.0	1522698263.98423	1522698264.986717	77	30	0.38961038961038963	8	8	1124	683
sophie	1	7	1.0	1522698263.98423	1522698264.986717	77	30	0.38961038961038963	8	8	219	339
sophie	1	7	1.0	1522698263.98423	1522698264.986717	77	30	0.38961038961038963	8	8	1125	376
sophie	1	7	1.0	1522698263.98423	1522698264.986717	77	30	0.38961038961038963	8	8	1390	551
sophie	1	7	1.0	1522698263.98423	1522698264.986717	77	30	0.38961038961038963	8	8	1061	494
sophie	1	7	1.0	1522698263.98423	1522698264.986717	77	30	0.38961038961038963	8	8	1501	1028
sophie	1	7	1.0	1522698263.98423	1522698264.986717	77	30	0.38961038961038963	8	8	675	1016
sophie	1	7	1.0	1522698263.98423	1522698264.986717	77	30	0.38961038961038963	8	8	1464	224
sophie	1	7	1.0	1522698263.98423	1522698264.986717	77	30	0.38961038961038963	8	8	412	879
sophie	1	7	1.0	1522698263.98423	1522698264.986717	77	30	0.38961038961038963	8	8	207	268
sophie	1	7	1.0	1522698263.98423	1522698264.986717	77	30	0.38961038961038963	8	8	380	600
sophie	1	7	1.0	1522698263.98423	1522698264.986717	77	30	0.38961038961038963	8	8	556	679
sophie	1	7	1.0	1522698263.98423	1522698264.986717	77	30	0.38961038961038963	8	8	215	543
sophie	1	7	1.0	1522698263.98423	1522698264.986717	77	30	0.38961038961038963	8	8	298	741
sophie	1	7	1.0	1522698263.98423	1522698264.986717	77	30	0.38961038961038963	8	8	1080	719
sophie	1	7	1.0	1522698263.98423	1522698264.986717	77	30	0.38961038961038963	8	8	639	956
sophie	1	7	1.0	1522698263.98423	1522698264.986717	77	30	0.38961038961038963	8	8	1686	551
sophie	1	7	1.0	1522698263.98423	1522698264.986717	77	30	0.38961038961038963	8	8	649	597
sophie	1	7	1.0	1522698263.98423	1522698264.986717	77	30	0.38961038961038963	8	8	438	839
sophie	1	7	1.0	1522698263.98423	1522698264.986717	77	30	0.38961038961038963	8	8	1466	176
sophie	1	7	1.0	1522698263.98423	1522698264.986717	77	30	0.38961038961038963	8	8	1523	278
sophie	1	7	1.0	1522698263.98423	1522698264.986717	77	30	0.38961038961038963	8	8	110	406
sophie	1	7	1.0	1522698263.98423	1522698264.986717	77	30	0.38961038961038963	8	8	1550	560
sophie	1	7	1.0	1522698263.98423	1522698264.986717	77	30	0.38961038961038963	8	8	1637	462
sophie	1	7	1.0	1522698263.98423	1522698264.986717	77	30	0.38961038961038963	8	8	498	976
sophie	1	7	1.0	1522698263.98423	1522698264.986717	77	30	0.38961038961038963	8	8	146	281
sophie	1	7	1.0	1522698263.98423	1522698264.986717	77	30	0.38961038961038963	8	8	689	1053
sophie	1	7	1.0	1522698263.98423	1522698264.986717	77	30	0.38961038961038963	8	8	1676	823
sophie	1	7	1.0	1522698263.98423	1522698264.986717	77	30	0.38961038961038963	8	8	1337	250
sophie	1	7	1.0	1522698263.98423	1522698264.986717	77	30	0.38961038961038963	8	8	467	930
sophie	1	7	1.0	1522698263.98423	1522698264.986717	77	30	0.38961038961038963	8	8	1361	483
sophie	1	7	1.0	1522698263.98423	1522698264.986717	77	30	0.38961038961038963	8	8	383	985
sophie	1	7	1.0	1522698263.98423	1522698264.986717	77	30	0.38961038961038963	8	8	41	205
sophie	1	7	1.0	1522698263.98423	1522698264.986717	77	30	0.38961038961038963	8	8	460	1000
sophie	1	7	1.0	1522698263.98423	1522698264.986717	77	30	0.38961038961038963	8	8	52	972
sophie	1	7	1.0	1522698263.98423	1522698264.986717	77	30	0.38961038961038963	8	8	378	945
sophie	1	7	1.0	1522698263.98423	1522698264.986717	77	30	0.38961038961038963	8	8	250	429
sophie	1	7	1.0	1522698263.98423	1522698264.986717	77	30	0.38961038961038963	8	8	1479	707
sophie	1	7	1.0	1522698263.98423	1522698264.986717	77	30	0.38961038961038963	8	8	88	580
sophie	1	7	1.0	1522698263.98423	1522698264.986717	77	30	0.38961038961038963	8	8	909	422
sophie	1	7	1.0	1522698263.98423	1522698264.986717	77	30	0.38961038961038963	8	8	241	630
sophie	1	7	1.0	1522698263.98423	1522698264.986717	77	30	0.38961038961038963	8	8	1681	52
sophie	1	7	1.0	1522698263.98423	1522698264.986717	77	30	0.38961038961038963	8	8	880	73
sophie	1	7	1.0	1522698263.98423	1522698264.986717	77	30	0.38961038961038963	8	8	700	731
sophie	1	7	1.0	1522698263.98423	1522698264.986717	77	30	0.38961038961038963	8	8	860	342
sophie	1	7	1.0	1522698263.98423	1522698264.986717	77	30	0.38961038961038963	8	8	356	614
sophie	1	7	1.0	1522698263.98423	1522698264.986717	77	30	0.38961038961038963	8	8	1023	655
sophie	1	7	1.0	1522698263.98423	1522698264.986717	77	30	0.38961038961038963	8	8	1310	520
sophie	1	7	1.0	1522698263.98423	1522698264.986717	77	30	0.38961038961038963	8	8	1312	904
sophie	1	7	1.0	1522698263.98423	1522698264.986717	77	30	0.38961038961038963	8	8	1607	299
sophie	1	7	1.0	1522698263.98423	1522698264.986717	77	30	0.38961038961038963	8	8	1421	349
sophie	1	7	1.0	1522698263.98423	1522698264.986717	77	30	0.38961038961038963	8	8	729	591
sophie	1	7	1.0	1522698263.98423	1522698264.986717	77	30	0.38961038961038963	8	8	1546	25
sophie	1	7	1.0	1522698263.98423	1522698264.986717	77	30	0.38961038961038963	8	8	1298	835
sophie	1	7	1.0	1522698263.98423	1522698264.986717	77	30	0.38961038961038963	8	8	483	383
sophie	1	7	1.0	1522698263.98423	1522698264.986717	77	30	0.38961038961038963	8	8	423	957
sophie	1	7	1.0	1522698263.98423	1522698264.986717	77	30	0.38961038961038963	8	8	91	193
sophie	1	7	1.0	1522698263.98423	1522698264.986717	77	30	0.38961038961038963	8	8	924	1057
sophie	1	7	1.0	1522698263.98423	1522698264.986717	77	30	0.38961038961038963	8	8	75	381
sophie	1	7	1.0	1522698263.98423	1522698264.986717	77	30	0.38961038961038963	8	8	1471	495
sophie	1	7	1.0	1522698263.98423	1522698264.986717	77	30	0.38961038961038963	8	8	1587	42
sophie	1	7	1.0	1522698263.98423	1522698264.986717	77	30	0.38961038961038963	8	8	1174	343
sophie	1	7	1.0	1522698263.98423	1522698264.986717	77	30	0.38961038961038963	8	8	1241	374
sophie	1	7	1.0	1522698263.98423	1522698264.986717	77	30	0.38961038961038963	8	8	41	102
sophie	1	7	1.0	1522698263.98423	1522698264.986717	77	30	0.38961038961038963	8	8	1419	253
sophie	1	7	1.0	1522698263.98423	1522698264.986717	77	30	0.38961038961038963	8	8	890	240
sophie	1	7	1.0	1522698263.98423	1522698264.986717	77	30	0.38961038961038963	8	8	681	433
sophie	1	7	1.0	1522698263.98423	1522698264.986717	77	30	0.38961038961038963	8	8	1478	775
sophie	1	7	1.0	1522698263.98423	1522698264.986717	77	30	0.38961038961038963	8	8	569	285
sophie	1	7	1.0	1522698263.98423	1522698264.986717	77	30	0.38961038961038963	8	8	399	237
sophie	1	7	1.0	1522698263.98423	1522698264.986717	77	30	0.38961038961038963	8	8	657	210
sophie	1	7	1.0	1522698263.98423	1522698264.986717	77	30	0.38961038961038963	8	8	63	259
sophie	1	7	1.0	1522698263.98423	1522698264.986717	77	30	0.38961038961038963	8	8	1244	482
sophie	1	7	1.0	1522698263.98423	1522698264.986717	77	30	0.38961038961038963	8	8	382	781
sophie	1	7	1.0	1522698263.98423	1522698264.986717	77	30	0.38961038961038963	8	8	1658	896
sophie	1	8	1.0	1522698273.035847	1522698274.039868	17	15	0.8823529411764706	8	8	346	811
sophie	1	8	1.0	1522698273.035847	1522698274.039868	17	15	0.8823529411764706	8	8	431	782
sophie	1	8	1.0	1522698273.035847	1522698274.039868	17	15	0.8823529411764706	8	8	1576	24
sophie	1	8	1.0	1522698273.035847	1522698274.039868	17	15	0.8823529411764706	8	8	1398	324
sophie	1	8	1.0	1522698273.035847	1522698274.039868	17	15	0.8823529411764706	8	8	1573	669
sophie	1	8	1.0	1522698273.035847	1522698274.039868	17	15	0.8823529411764706	8	8	333	486
sophie	1	8	1.0	1522698273.035847	1522698274.039868	17	15	0.8823529411764706	8	8	1678	301
sophie	1	8	1.0	1522698273.035847	1522698274.039868	17	15	0.8823529411764706	8	8	593	617
sophie	1	8	1.0	1522698273.035847	1522698274.039868	17	15	0.8823529411764706	8	8	455	480
sophie	1	8	1.0	1522698273.035847	1522698274.039868	17	15	0.8823529411764706	8	8	157	976
sophie	1	8	1.0	1522698273.035847	1522698274.039868	17	15	0.8823529411764706	8	8	576	665
sophie	1	8	1.0	1522698273.035847	1522698274.039868	17	15	0.8823529411764706	8	8	231	860
sophie	1	8	1.0	1522698273.035847	1522698274.039868	17	15	0.8823529411764706	8	8	240	409
sophie	1	8	1.0	1522698273.035847	1522698274.039868	17	15	0.8823529411764706	8	8	1343	547
sophie	1	8	1.0	1522698273.035847	1522698274.039868	17	15	0.8823529411764706	8	8	538	564
sophie	1	8	1.0	1522698273.035847	1522698274.039868	17	15	0.8823529411764706	8	8	1259	983
sophie	1	8	1.0	1522698273.035847	1522698274.039868	17	15	0.8823529411764706	8	8	1144	893
sophie	1	9	1.0	1522698278.076362	1522698279.082077	34	20	0.5882352941176471	8	8	1638	689
sophie	1	9	1.0	1522698278.076362	1522698279.082077	34	20	0.5882352941176471	8	8	1388	864
sophie	1	9	1.0	1522698278.076362	1522698279.082077	34	20	0.5882352941176471	8	8	1025	248
sophie	1	9	1.0	1522698278.076362	1522698279.082077	34	20	0.5882352941176471	8	8	49	937
sophie	1	9	1.0	1522698278.076362	1522698279.082077	34	20	0.5882352941176471	8	8	428	987
sophie	1	9	1.0	1522698278.076362	1522698279.082077	34	20	0.5882352941176471	8	8	1211	630
sophie	1	9	1.0	1522698278.076362	1522698279.082077	34	20	0.5882352941176471	8	8	1040	512
sophie	1	9	1.0	1522698278.076362	1522698279.082077	34	20	0.5882352941176471	8	8	77	210
sophie	1	9	1.0	1522698278.076362	1522698279.082077	34	20	0.5882352941176471	8	8	1553	449
sophie	1	9	1.0	1522698278.076362	1522698279.082077	34	20	0.5882352941176471	8	8	233	726
sophie	1	9	1.0	1522698278.076362	1522698279.082077	34	20	0.5882352941176471	8	8	863	932
sophie	1	9	1.0	1522698278.076362	1522698279.082077	34	20	0.5882352941176471	8	8	398	241
sophie	1	9	1.0	1522698278.076362	1522698279.082077	34	20	0.5882352941176471	8	8	536	893
sophie	1	9	1.0	1522698278.076362	1522698279.082077	34	20	0.5882352941176471	8	8	768	599
sophie	1	9	1.0	1522698278.076362	1522698279.082077	34	20	0.5882352941176471	8	8	1219	161
sophie	1	9	1.0	1522698278.076362	1522698279.082077	34	20	0.5882352941176471	8	8	240	410
sophie	1	9	1.0	1522698278.076362	1522698279.082077	34	20	0.5882352941176471	8	8	1357	78
sophie	1	9	1.0	1522698278.076362	1522698279.082077	34	20	0.5882352941176471	8	8	1236	528
sophie	1	9	1.0	1522698278.076362	1522698279.082077	34	20	0.5882352941176471	8	8	1686	603
sophie	1	9	1.0	1522698278.076362	1522698279.082077	34	20	0.5882352941176471	8	8	58	882
sophie	1	9	1.0	1522698278.076362	1522698279.082077	34	20	0.5882352941176471	8	8	1319	938
sophie	1	9	1.0	1522698278.076362	1522698279.082077	34	20	0.5882352941176471	8	8	1012	1014
sophie	1	9	1.0	1522698278.076362	1522698279.082077	34	20	0.5882352941176471	8	8	1595	185
sophie	1	9	1.0	1522698278.076362	1522698279.082077	34	20	0.5882352941176471	8	8	148	816
sophie	1	9	1.0	1522698278.076362	1522698279.082077	34	20	0.5882352941176471	8	8	521	220
sophie	1	9	1.0	1522698278.076362	1522698279.082077	34	20	0.5882352941176471	8	8	125	759
sophie	1	9	1.0	1522698278.076362	1522698279.082077	34	20	0.5882352941176471	8	8	395	835
sophie	1	9	1.0	1522698278.076362	1522698279.082077	34	20	0.5882352941176471	8	8	829	709
sophie	1	9	1.0	1522698278.076362	1522698279.082077	34	20	0.5882352941176471	8	8	954	672
sophie	1	9	1.0	1522698278.076362	1522698279.082077	34	20	0.5882352941176471	8	8	234	355
sophie	1	9	1.0	1522698278.076362	1522698279.082077	34	20	0.5882352941176471	8	8	1654	941
sophie	1	9	1.0	1522698278.076362	1522698279.082077	34	20	0.5882352941176471	8	8	105	1060
sophie	1	9	1.0	1522698278.076362	1522698279.082077	34	20	0.5882352941176471	8	8	1139	655
sophie	1	9	1.0	1522698278.076362	1522698279.082077	34	20	0.5882352941176471	8	8	271	390
sophie	1	0	5.0	1522698288.402736	1522698293.403819	27	20	0.7407407407407407	8	8	183	534
sophie	1	0	5.0	1522698288.402736	1522698293.403819	27	20	0.7407407407407407	8	8	1346	915
sophie	1	0	5.0	1522698288.402736	1522698293.403819	27	20	0.7407407407407407	8	8	1320	52
sophie	1	0	5.0	1522698288.402736	1522698293.403819	27	20	0.7407407407407407	8	8	1554	90
sophie	1	0	5.0	1522698288.402736	1522698293.403819	27	20	0.7407407407407407	8	8	124	984
sophie	1	0	5.0	1522698288.402736	1522698293.403819	27	20	0.7407407407407407	8	8	514	143
sophie	1	0	5.0	1522698288.402736	1522698293.403819	27	20	0.7407407407407407	8	8	1192	94
sophie	1	0	5.0	1522698288.402736	1522698293.403819	27	20	0.7407407407407407	8	8	1059	838
sophie	1	0	5.0	1522698288.402736	1522698293.403819	27	20	0.7407407407407407	8	8	866	568
sophie	1	0	5.0	1522698288.402736	1522698293.403819	27	20	0.7407407407407407	8	8	1284	897
sophie	1	0	5.0	1522698288.402736	1522698293.403819	27	20	0.7407407407407407	8	8	992	321
sophie	1	0	5.0	1522698288.402736	1522698293.403819	27	20	0.7407407407407407	8	8	188	336
sophie	1	0	5.0	1522698288.402736	1522698293.403819	27	20	0.7407407407407407	8	8	546	62
sophie	1	0	5.0	1522698288.402736	1522698293.403819	27	20	0.7407407407407407	8	8	81	168
sophie	1	0	5.0	1522698288.402736	1522698293.403819	27	20	0.7407407407407407	8	8	431	279
sophie	1	0	5.0	1522698288.402736	1522698293.403819	27	20	0.7407407407407407	8	8	1017	872
sophie	1	0	5.0	1522698288.402736	1522698293.403819	27	20	0.7407407407407407	8	8	1448	28
sophie	1	0	5.0	1522698288.402736	1522698293.403819	27	20	0.7407407407407407	8	8	173	501
sophie	1	0	5.0	1522698288.402736	1522698293.403819	27	20	0.7407407407407407	8	8	1280	50
sophie	1	0	5.0	1522698288.402736	1522698293.403819	27	20	0.7407407407407407	8	8	1432	1055
sophie	1	0	5.0	1522698288.402736	1522698293.403819	27	20	0.7407407407407407	8	8	1106	907
sophie	1	0	5.0	1522698288.402736	1522698293.403819	27	20	0.7407407407407407	8	8	1544	249
sophie	1	0	5.0	1522698288.402736	1522698293.403819	27	20	0.7407407407407407	8	8	1601	794
sophie	1	0	5.0	1522698288.402736	1522698293.403819	27	20	0.7407407407407407	8	8	1571	767
sophie	1	0	5.0	1522698288.402736	1522698293.403819	27	20	0.7407407407407407	8	8	171	598
sophie	1	0	5.0	1522698288.402736	1522698293.403819	27	20	0.7407407407407407	8	8	678	271
sophie	1	0	5.0	1522698288.402736	1522698293.403819	27	20	0.7407407407407407	8	8	27	682
sophie	1	1	5.0	1522698301.415694	1522698306.417097	53	30	0.5660377358490566	8	8	38	770
sophie	1	1	5.0	1522698301.415694	1522698306.417097	53	30	0.5660377358490566	8	8	475	899
sophie	1	1	5.0	1522698301.415694	1522698306.417097	53	30	0.5660377358490566	8	8	584	609
sophie	1	1	5.0	1522698301.415694	1522698306.417097	53	30	0.5660377358490566	8	8	1706	23
sophie	1	1	5.0	1522698301.415694	1522698306.417097	53	30	0.5660377358490566	8	8	1050	744
sophie	1	1	5.0	1522698301.415694	1522698306.417097	53	30	0.5660377358490566	8	8	1548	920
sophie	1	1	5.0	1522698301.415694	1522698306.417097	53	30	0.5660377358490566	8	8	122	414
sophie	1	1	5.0	1522698301.415694	1522698306.417097	53	30	0.5660377358490566	8	8	1376	1025
sophie	1	1	5.0	1522698301.415694	1522698306.417097	53	30	0.5660377358490566	8	8	568	770
sophie	1	1	5.0	1522698301.415694	1522698306.417097	53	30	0.5660377358490566	8	8	268	770
sophie	1	1	5.0	1522698301.415694	1522698306.417097	53	30	0.5660377358490566	8	8	767	912
sophie	1	1	5.0	1522698301.415694	1522698306.417097	53	30	0.5660377358490566	8	8	151	1034
sophie	1	1	5.0	1522698301.415694	1522698306.417097	53	30	0.5660377358490566	8	8	710	633
sophie	1	1	5.0	1522698301.415694	1522698306.417097	53	30	0.5660377358490566	8	8	1552	838
sophie	1	1	5.0	1522698301.415694	1522698306.417097	53	30	0.5660377358490566	8	8	677	326
sophie	1	1	5.0	1522698301.415694	1522698306.417097	53	30	0.5660377358490566	8	8	303	1017
sophie	1	1	5.0	1522698301.415694	1522698306.417097	53	30	0.5660377358490566	8	8	232	775
sophie	1	1	5.0	1522698301.415694	1522698306.417097	53	30	0.5660377358490566	8	8	34	728
sophie	1	1	5.0	1522698301.415694	1522698306.417097	53	30	0.5660377358490566	8	8	238	812
sophie	1	1	5.0	1522698301.415694	1522698306.417097	53	30	0.5660377358490566	8	8	1652	407
sophie	1	1	5.0	1522698301.415694	1522698306.417097	53	30	0.5660377358490566	8	8	1228	797
sophie	1	1	5.0	1522698301.415694	1522698306.417097	53	30	0.5660377358490566	8	8	392	163
sophie	1	1	5.0	1522698301.415694	1522698306.417097	53	30	0.5660377358490566	8	8	1003	638
sophie	1	1	5.0	1522698301.415694	1522698306.417097	53	30	0.5660377358490566	8	8	1014	702
sophie	1	1	5.0	1522698301.415694	1522698306.417097	53	30	0.5660377358490566	8	8	1648	1056
sophie	1	1	5.0	1522698301.415694	1522698306.417097	53	30	0.5660377358490566	8	8	1535	426
sophie	1	1	5.0	1522698301.415694	1522698306.417097	53	30	0.5660377358490566	8	8	1444	247
sophie	1	1	5.0	1522698301.415694	1522698306.417097	53	30	0.5660377358490566	8	8	634	932
sophie	1	1	5.0	1522698301.415694	1522698306.417097	53	30	0.5660377358490566	8	8	821	273
sophie	1	1	5.0	1522698301.415694	1522698306.417097	53	30	0.5660377358490566	8	8	1286	1021
sophie	1	1	5.0	1522698301.415694	1522698306.417097	53	30	0.5660377358490566	8	8	100	230
sophie	1	1	5.0	1522698301.415694	1522698306.417097	53	30	0.5660377358490566	8	8	1652	932
sophie	1	1	5.0	1522698301.415694	1522698306.417097	53	30	0.5660377358490566	8	8	386	819
sophie	1	1	5.0	1522698301.415694	1522698306.417097	53	30	0.5660377358490566	8	8	1029	247
sophie	1	1	5.0	1522698301.415694	1522698306.417097	53	30	0.5660377358490566	8	8	540	26
sophie	1	1	5.0	1522698301.415694	1522698306.417097	53	30	0.5660377358490566	8	8	1283	893
sophie	1	1	5.0	1522698301.415694	1522698306.417097	53	30	0.5660377358490566	8	8	1455	537
sophie	1	1	5.0	1522698301.415694	1522698306.417097	53	30	0.5660377358490566	8	8	167	36
sophie	1	1	5.0	1522698301.415694	1522698306.417097	53	30	0.5660377358490566	8	8	1351	733
sophie	1	1	5.0	1522698301.415694	1522698306.417097	53	30	0.5660377358490566	8	8	1374	415
sophie	1	1	5.0	1522698301.415694	1522698306.417097	53	30	0.5660377358490566	8	8	464	157
sophie	1	1	5.0	1522698301.415694	1522698306.417097	53	30	0.5660377358490566	8	8	438	104
sophie	1	1	5.0	1522698301.415694	1522698306.417097	53	30	0.5660377358490566	8	8	300	161
sophie	1	1	5.0	1522698301.415694	1522698306.417097	53	30	0.5660377358490566	8	8	609	400
sophie	1	1	5.0	1522698301.415694	1522698306.417097	53	30	0.5660377358490566	8	8	1055	613
sophie	1	1	5.0	1522698301.415694	1522698306.417097	53	30	0.5660377358490566	8	8	1655	845
sophie	1	1	5.0	1522698301.415694	1522698306.417097	53	30	0.5660377358490566	8	8	1633	1029
sophie	1	1	5.0	1522698301.415694	1522698306.417097	53	30	0.5660377358490566	8	8	577	675
sophie	1	1	5.0	1522698301.415694	1522698306.417097	53	30	0.5660377358490566	8	8	532	113
sophie	1	1	5.0	1522698301.415694	1522698306.417097	53	30	0.5660377358490566	8	8	1587	842
sophie	1	1	5.0	1522698301.415694	1522698306.417097	53	30	0.5660377358490566	8	8	1463	849
sophie	1	1	5.0	1522698301.415694	1522698306.417097	53	30	0.5660377358490566	8	8	114	154
sophie	1	1	5.0	1522698301.415694	1522698306.417097	53	30	0.5660377358490566	8	8	743	707
sophie	1	2	5.0	1522698313.891794	1522698318.90246	50	40	0.8	8	8	43	246
sophie	1	2	5.0	1522698313.891794	1522698318.90246	50	40	0.8	8	8	1148	791
sophie	1	2	5.0	1522698313.891794	1522698318.90246	50	40	0.8	8	8	251	836
sophie	1	2	5.0	1522698313.891794	1522698318.90246	50	40	0.8	8	8	161	229
sophie	1	2	5.0	1522698313.891794	1522698318.90246	50	40	0.8	8	8	1425	115
sophie	1	2	5.0	1522698313.891794	1522698318.90246	50	40	0.8	8	8	1345	667
sophie	1	2	5.0	1522698313.891794	1522698318.90246	50	40	0.8	8	8	758	19
sophie	1	2	5.0	1522698313.891794	1522698318.90246	50	40	0.8	8	8	49	656
sophie	1	2	5.0	1522698313.891794	1522698318.90246	50	40	0.8	8	8	352	716
sophie	1	2	5.0	1522698313.891794	1522698318.90246	50	40	0.8	8	8	692	269
sophie	1	2	5.0	1522698313.891794	1522698318.90246	50	40	0.8	8	8	624	71
sophie	1	2	5.0	1522698313.891794	1522698318.90246	50	40	0.8	8	8	21	473
sophie	1	2	5.0	1522698313.891794	1522698318.90246	50	40	0.8	8	8	517	719
sophie	1	2	5.0	1522698313.891794	1522698318.90246	50	40	0.8	8	8	369	537
sophie	1	2	5.0	1522698313.891794	1522698318.90246	50	40	0.8	8	8	502	795
sophie	1	2	5.0	1522698313.891794	1522698318.90246	50	40	0.8	8	8	830	725
sophie	1	2	5.0	1522698313.891794	1522698318.90246	50	40	0.8	8	8	1437	745
sophie	1	2	5.0	1522698313.891794	1522698318.90246	50	40	0.8	8	8	1669	511
sophie	1	2	5.0	1522698313.891794	1522698318.90246	50	40	0.8	8	8	251	1052
sophie	1	2	5.0	1522698313.891794	1522698318.90246	50	40	0.8	8	8	942	212
sophie	1	2	5.0	1522698313.891794	1522698318.90246	50	40	0.8	8	8	1360	994
sophie	1	2	5.0	1522698313.891794	1522698318.90246	50	40	0.8	8	8	352	1014
sophie	1	2	5.0	1522698313.891794	1522698318.90246	50	40	0.8	8	8	1367	480
sophie	1	2	5.0	1522698313.891794	1522698318.90246	50	40	0.8	8	8	1406	796
sophie	1	2	5.0	1522698313.891794	1522698318.90246	50	40	0.8	8	8	467	732
sophie	1	2	5.0	1522698313.891794	1522698318.90246	50	40	0.8	8	8	879	437
sophie	1	2	5.0	1522698313.891794	1522698318.90246	50	40	0.8	8	8	1575	113
sophie	1	2	5.0	1522698313.891794	1522698318.90246	50	40	0.8	8	8	1621	328
sophie	1	2	5.0	1522698313.891794	1522698318.90246	50	40	0.8	8	8	633	644
sophie	1	2	5.0	1522698313.891794	1522698318.90246	50	40	0.8	8	8	963	122
sophie	1	2	5.0	1522698313.891794	1522698318.90246	50	40	0.8	8	8	845	1056
sophie	1	2	5.0	1522698313.891794	1522698318.90246	50	40	0.8	8	8	289	1030
sophie	1	2	5.0	1522698313.891794	1522698318.90246	50	40	0.8	8	8	941	511
sophie	1	2	5.0	1522698313.891794	1522698318.90246	50	40	0.8	8	8	594	322
sophie	1	2	5.0	1522698313.891794	1522698318.90246	50	40	0.8	8	8	389	460
sophie	1	2	5.0	1522698313.891794	1522698318.90246	50	40	0.8	8	8	708	428
sophie	1	2	5.0	1522698313.891794	1522698318.90246	50	40	0.8	8	8	361	411
sophie	1	2	5.0	1522698313.891794	1522698318.90246	50	40	0.8	8	8	253	61
sophie	1	2	5.0	1522698313.891794	1522698318.90246	50	40	0.8	8	8	214	524
sophie	1	2	5.0	1522698313.891794	1522698318.90246	50	40	0.8	8	8	539	230
sophie	1	2	5.0	1522698313.891794	1522698318.90246	50	40	0.8	8	8	1528	96
sophie	1	2	5.0	1522698313.891794	1522698318.90246	50	40	0.8	8	8	1122	269
sophie	1	2	5.0	1522698313.891794	1522698318.90246	50	40	0.8	8	8	987	569
sophie	1	2	5.0	1522698313.891794	1522698318.90246	50	40	0.8	8	8	892	478
sophie	1	2	5.0	1522698313.891794	1522698318.90246	50	40	0.8	8	8	229	304
sophie	1	2	5.0	1522698313.891794	1522698318.90246	50	40	0.8	8	8	1419	999
sophie	1	2	5.0	1522698313.891794	1522698318.90246	50	40	0.8	8	8	1092	465
sophie	1	2	5.0	1522698313.891794	1522698318.90246	50	40	0.8	8	8	990	699
sophie	1	2	5.0	1522698313.891794	1522698318.90246	50	40	0.8	8	8	1530	326
sophie	1	2	5.0	1522698313.891794	1522698318.90246	50	40	0.8	8	8	1360	763
sophie	1	3	5.0	1522698323.956211	1522698328.963119	37	45	0.7837837837837838	8	8	1293	77
sophie	1	3	5.0	1522698323.956211	1522698328.963119	37	45	0.7837837837837838	8	8	1543	890
sophie	1	3	5.0	1522698323.956211	1522698328.963119	37	45	0.7837837837837838	8	8	438	227
sophie	1	3	5.0	1522698323.956211	1522698328.963119	37	45	0.7837837837837838	8	8	124	570
sophie	1	3	5.0	1522698323.956211	1522698328.963119	37	45	0.7837837837837838	8	8	1172	513
sophie	1	3	5.0	1522698323.956211	1522698328.963119	37	45	0.7837837837837838	8	8	63	346
sophie	1	3	5.0	1522698323.956211	1522698328.963119	37	45	0.7837837837837838	8	8	208	416
sophie	1	3	5.0	1522698323.956211	1522698328.963119	37	45	0.7837837837837838	8	8	1080	1040
sophie	1	3	5.0	1522698323.956211	1522698328.963119	37	45	0.7837837837837838	8	8	684	704
sophie	1	3	5.0	1522698323.956211	1522698328.963119	37	45	0.7837837837837838	8	8	1046	423
sophie	1	3	5.0	1522698323.956211	1522698328.963119	37	45	0.7837837837837838	8	8	181	186
sophie	1	3	5.0	1522698323.956211	1522698328.963119	37	45	0.7837837837837838	8	8	1372	76
sophie	1	3	5.0	1522698323.956211	1522698328.963119	37	45	0.7837837837837838	8	8	1413	555
sophie	1	3	5.0	1522698323.956211	1522698328.963119	37	45	0.7837837837837838	8	8	1547	412
sophie	1	3	5.0	1522698323.956211	1522698328.963119	37	45	0.7837837837837838	8	8	259	789
sophie	1	3	5.0	1522698323.956211	1522698328.963119	37	45	0.7837837837837838	8	8	859	910
sophie	1	3	5.0	1522698323.956211	1522698328.963119	37	45	0.7837837837837838	8	8	1329	240
sophie	1	3	5.0	1522698323.956211	1522698328.963119	37	45	0.7837837837837838	8	8	773	797
sophie	1	3	5.0	1522698323.956211	1522698328.963119	37	45	0.7837837837837838	8	8	969	429
sophie	1	3	5.0	1522698323.956211	1522698328.963119	37	45	0.7837837837837838	8	8	1189	87
sophie	1	3	5.0	1522698323.956211	1522698328.963119	37	45	0.7837837837837838	8	8	36	878
sophie	1	3	5.0	1522698323.956211	1522698328.963119	37	45	0.7837837837837838	8	8	351	471
sophie	1	3	5.0	1522698323.956211	1522698328.963119	37	45	0.7837837837837838	8	8	1533	683
sophie	1	3	5.0	1522698323.956211	1522698328.963119	37	45	0.7837837837837838	8	8	693	795
sophie	1	3	5.0	1522698323.956211	1522698328.963119	37	45	0.7837837837837838	8	8	1664	407
sophie	1	3	5.0	1522698323.956211	1522698328.963119	37	45	0.7837837837837838	8	8	1464	962
sophie	1	3	5.0	1522698323.956211	1522698328.963119	37	45	0.7837837837837838	8	8	550	319
sophie	1	3	5.0	1522698323.956211	1522698328.963119	37	45	0.7837837837837838	8	8	520	1057
sophie	1	3	5.0	1522698323.956211	1522698328.963119	37	45	0.7837837837837838	8	8	508	432
sophie	1	3	5.0	1522698323.956211	1522698328.963119	37	45	0.7837837837837838	8	8	764	547
sophie	1	3	5.0	1522698323.956211	1522698328.963119	37	45	0.7837837837837838	8	8	853	362
sophie	1	3	5.0	1522698323.956211	1522698328.963119	37	45	0.7837837837837838	8	8	1429	351
sophie	1	3	5.0	1522698323.956211	1522698328.963119	37	45	0.7837837837837838	8	8	691	644
sophie	1	3	5.0	1522698323.956211	1522698328.963119	37	45	0.7837837837837838	8	8	836	81
sophie	1	3	5.0	1522698323.956211	1522698328.963119	37	45	0.7837837837837838	8	8	66	38
sophie	1	3	5.0	1522698323.956211	1522698328.963119	37	45	0.7837837837837838	8	8	846	436
sophie	1	3	5.0	1522698323.956211	1522698328.963119	37	45	0.7837837837837838	8	8	1385	28
sophie	1	4	5.0	1522698333.758178	1522698338.75993	77	55	0.7142857142857143	8	8	546	218
sophie	1	4	5.0	1522698333.758178	1522698338.75993	77	55	0.7142857142857143	8	8	236	359
sophie	1	4	5.0	1522698333.758178	1522698338.75993	77	55	0.7142857142857143	8	8	713	32
sophie	1	4	5.0	1522698333.758178	1522698338.75993	77	55	0.7142857142857143	8	8	1347	538
sophie	1	4	5.0	1522698333.758178	1522698338.75993	77	55	0.7142857142857143	8	8	1020	440
sophie	1	4	5.0	1522698333.758178	1522698338.75993	77	55	0.7142857142857143	8	8	126	214
sophie	1	4	5.0	1522698333.758178	1522698338.75993	77	55	0.7142857142857143	8	8	367	971
sophie	1	4	5.0	1522698333.758178	1522698338.75993	77	55	0.7142857142857143	8	8	807	594
sophie	1	4	5.0	1522698333.758178	1522698338.75993	77	55	0.7142857142857143	8	8	902	127
sophie	1	4	5.0	1522698333.758178	1522698338.75993	77	55	0.7142857142857143	8	8	1011	499
sophie	1	4	5.0	1522698333.758178	1522698338.75993	77	55	0.7142857142857143	8	8	1045	873
sophie	1	4	5.0	1522698333.758178	1522698338.75993	77	55	0.7142857142857143	8	8	652	949
sophie	1	4	5.0	1522698333.758178	1522698338.75993	77	55	0.7142857142857143	8	8	681	262
sophie	1	4	5.0	1522698333.758178	1522698338.75993	77	55	0.7142857142857143	8	8	1307	939
sophie	1	4	5.0	1522698333.758178	1522698338.75993	77	55	0.7142857142857143	8	8	1427	525
sophie	1	4	5.0	1522698333.758178	1522698338.75993	77	55	0.7142857142857143	8	8	848	757
sophie	1	4	5.0	1522698333.758178	1522698338.75993	77	55	0.7142857142857143	8	8	1162	703
sophie	1	4	5.0	1522698333.758178	1522698338.75993	77	55	0.7142857142857143	8	8	1237	517
sophie	1	4	5.0	1522698333.758178	1522698338.75993	77	55	0.7142857142857143	8	8	783	196
sophie	1	4	5.0	1522698333.758178	1522698338.75993	77	55	0.7142857142857143	8	8	1017	69
sophie	1	4	5.0	1522698333.758178	1522698338.75993	77	55	0.7142857142857143	8	8	243	180
sophie	1	4	5.0	1522698333.758178	1522698338.75993	77	55	0.7142857142857143	8	8	240	746
sophie	1	4	5.0	1522698333.758178	1522698338.75993	77	55	0.7142857142857143	8	8	523	44
sophie	1	4	5.0	1522698333.758178	1522698338.75993	77	55	0.7142857142857143	8	8	1276	547
sophie	1	4	5.0	1522698333.758178	1522698338.75993	77	55	0.7142857142857143	8	8	313	138
sophie	1	4	5.0	1522698333.758178	1522698338.75993	77	55	0.7142857142857143	8	8	740	552
sophie	1	4	5.0	1522698333.758178	1522698338.75993	77	55	0.7142857142857143	8	8	1654	862
sophie	1	4	5.0	1522698333.758178	1522698338.75993	77	55	0.7142857142857143	8	8	407	936
sophie	1	4	5.0	1522698333.758178	1522698338.75993	77	55	0.7142857142857143	8	8	1083	151
sophie	1	4	5.0	1522698333.758178	1522698338.75993	77	55	0.7142857142857143	8	8	834	820
sophie	1	4	5.0	1522698333.758178	1522698338.75993	77	55	0.7142857142857143	8	8	1046	229
sophie	1	4	5.0	1522698333.758178	1522698338.75993	77	55	0.7142857142857143	8	8	44	104
sophie	1	4	5.0	1522698333.758178	1522698338.75993	77	55	0.7142857142857143	8	8	1580	351
sophie	1	4	5.0	1522698333.758178	1522698338.75993	77	55	0.7142857142857143	8	8	94	183
sophie	1	4	5.0	1522698333.758178	1522698338.75993	77	55	0.7142857142857143	8	8	923	941
sophie	1	4	5.0	1522698333.758178	1522698338.75993	77	55	0.7142857142857143	8	8	716	84
sophie	1	4	5.0	1522698333.758178	1522698338.75993	77	55	0.7142857142857143	8	8	169	472
sophie	1	4	5.0	1522698333.758178	1522698338.75993	77	55	0.7142857142857143	8	8	1127	521
sophie	1	4	5.0	1522698333.758178	1522698338.75993	77	55	0.7142857142857143	8	8	38	430
sophie	1	4	5.0	1522698333.758178	1522698338.75993	77	55	0.7142857142857143	8	8	992	116
sophie	1	4	5.0	1522698333.758178	1522698338.75993	77	55	0.7142857142857143	8	8	89	432
sophie	1	4	5.0	1522698333.758178	1522698338.75993	77	55	0.7142857142857143	8	8	464	227
sophie	1	4	5.0	1522698333.758178	1522698338.75993	77	55	0.7142857142857143	8	8	524	85
sophie	1	4	5.0	1522698333.758178	1522698338.75993	77	55	0.7142857142857143	8	8	187	560
sophie	1	4	5.0	1522698333.758178	1522698338.75993	77	55	0.7142857142857143	8	8	1086	991
sophie	1	4	5.0	1522698333.758178	1522698338.75993	77	55	0.7142857142857143	8	8	819	41
sophie	1	4	5.0	1522698333.758178	1522698338.75993	77	55	0.7142857142857143	8	8	155	738
sophie	1	4	5.0	1522698333.758178	1522698338.75993	77	55	0.7142857142857143	8	8	585	663
sophie	1	4	5.0	1522698333.758178	1522698338.75993	77	55	0.7142857142857143	8	8	729	328
sophie	1	4	5.0	1522698333.758178	1522698338.75993	77	55	0.7142857142857143	8	8	1416	218
sophie	1	4	5.0	1522698333.758178	1522698338.75993	77	55	0.7142857142857143	8	8	1099	215
sophie	1	4	5.0	1522698333.758178	1522698338.75993	77	55	0.7142857142857143	8	8	257	414
sophie	1	4	5.0	1522698333.758178	1522698338.75993	77	55	0.7142857142857143	8	8	1459	153
sophie	1	4	5.0	1522698333.758178	1522698338.75993	77	55	0.7142857142857143	8	8	353	1047
sophie	1	4	5.0	1522698333.758178	1522698338.75993	77	55	0.7142857142857143	8	8	1032	346
sophie	1	4	5.0	1522698333.758178	1522698338.75993	77	55	0.7142857142857143	8	8	63	190
sophie	1	4	5.0	1522698333.758178	1522698338.75993	77	55	0.7142857142857143	8	8	745	393
sophie	1	4	5.0	1522698333.758178	1522698338.75993	77	55	0.7142857142857143	8	8	380	615
sophie	1	4	5.0	1522698333.758178	1522698338.75993	77	55	0.7142857142857143	8	8	456	323
sophie	1	4	5.0	1522698333.758178	1522698338.75993	77	55	0.7142857142857143	8	8	1317	56
sophie	1	4	5.0	1522698333.758178	1522698338.75993	77	55	0.7142857142857143	8	8	634	717
sophie	1	4	5.0	1522698333.758178	1522698338.75993	77	55	0.7142857142857143	8	8	1613	320
sophie	1	4	5.0	1522698333.758178	1522698338.75993	77	55	0.7142857142857143	8	8	885	691
sophie	1	4	5.0	1522698333.758178	1522698338.75993	77	55	0.7142857142857143	8	8	597	434
sophie	1	4	5.0	1522698333.758178	1522698338.75993	77	55	0.7142857142857143	8	8	994	700
sophie	1	4	5.0	1522698333.758178	1522698338.75993	77	55	0.7142857142857143	8	8	950	667
sophie	1	4	5.0	1522698333.758178	1522698338.75993	77	55	0.7142857142857143	8	8	932	426
sophie	1	4	5.0	1522698333.758178	1522698338.75993	77	55	0.7142857142857143	8	8	690	665
sophie	1	4	5.0	1522698333.758178	1522698338.75993	77	55	0.7142857142857143	8	8	1337	413
sophie	1	4	5.0	1522698333.758178	1522698338.75993	77	55	0.7142857142857143	8	8	336	242
sophie	1	4	5.0	1522698333.758178	1522698338.75993	77	55	0.7142857142857143	8	8	1131	1041
sophie	1	4	5.0	1522698333.758178	1522698338.75993	77	55	0.7142857142857143	8	8	954	63
sophie	1	4	5.0	1522698333.758178	1522698338.75993	77	55	0.7142857142857143	8	8	45	40
sophie	1	4	5.0	1522698333.758178	1522698338.75993	77	55	0.7142857142857143	8	8	367	798
sophie	1	4	5.0	1522698333.758178	1522698338.75993	77	55	0.7142857142857143	8	8	31	153
sophie	1	4	5.0	1522698333.758178	1522698338.75993	77	55	0.7142857142857143	8	8	635	652
sophie	1	4	5.0	1522698333.758178	1522698338.75993	77	55	0.7142857142857143	8	8	993	413
sophie	1	5	5.0	1522698346.343647	1522698351.345514	12	12	1.0	8	8	139	155
sophie	1	5	5.0	1522698346.343647	1522698351.345514	12	12	1.0	8	8	604	881
sophie	1	5	5.0	1522698346.343647	1522698351.345514	12	12	1.0	8	8	276	204
sophie	1	5	5.0	1522698346.343647	1522698351.345514	12	12	1.0	8	8	1108	199
sophie	1	5	5.0	1522698346.343647	1522698351.345514	12	12	1.0	8	8	664	189
sophie	1	5	5.0	1522698346.343647	1522698351.345514	12	12	1.0	8	8	305	75
sophie	1	5	5.0	1522698346.343647	1522698351.345514	12	12	1.0	8	8	125	315
sophie	1	5	5.0	1522698346.343647	1522698351.345514	12	12	1.0	8	8	54	868
sophie	1	5	5.0	1522698346.343647	1522698351.345514	12	12	1.0	8	8	1266	1052
sophie	1	5	5.0	1522698346.343647	1522698351.345514	12	12	1.0	8	8	581	232
sophie	1	5	5.0	1522698346.343647	1522698351.345514	12	12	1.0	8	8	1120	145
sophie	1	5	5.0	1522698346.343647	1522698351.345514	12	12	1.0	8	8	1065	632
sophie	1	6	5.0	1522698357.548116	1522698362.548926	36	26	0.7222222222222222	8	8	541	283
sophie	1	6	5.0	1522698357.548116	1522698362.548926	36	26	0.7222222222222222	8	8	923	264
sophie	1	6	5.0	1522698357.548116	1522698362.548926	36	26	0.7222222222222222	8	8	615	206
sophie	1	6	5.0	1522698357.548116	1522698362.548926	36	26	0.7222222222222222	8	8	1015	773
sophie	1	6	5.0	1522698357.548116	1522698362.548926	36	26	0.7222222222222222	8	8	1402	986
sophie	1	6	5.0	1522698357.548116	1522698362.548926	36	26	0.7222222222222222	8	8	1684	597
sophie	1	6	5.0	1522698357.548116	1522698362.548926	36	26	0.7222222222222222	8	8	573	244
sophie	1	6	5.0	1522698357.548116	1522698362.548926	36	26	0.7222222222222222	8	8	376	680
sophie	1	6	5.0	1522698357.548116	1522698362.548926	36	26	0.7222222222222222	8	8	684	557
sophie	1	6	5.0	1522698357.548116	1522698362.548926	36	26	0.7222222222222222	8	8	1091	920
sophie	1	6	5.0	1522698357.548116	1522698362.548926	36	26	0.7222222222222222	8	8	190	840
sophie	1	6	5.0	1522698357.548116	1522698362.548926	36	26	0.7222222222222222	8	8	1459	86
sophie	1	6	5.0	1522698357.548116	1522698362.548926	36	26	0.7222222222222222	8	8	661	577
sophie	1	6	5.0	1522698357.548116	1522698362.548926	36	26	0.7222222222222222	8	8	1619	59
sophie	1	6	5.0	1522698357.548116	1522698362.548926	36	26	0.7222222222222222	8	8	1019	299
sophie	1	6	5.0	1522698357.548116	1522698362.548926	36	26	0.7222222222222222	8	8	1363	757
sophie	1	6	5.0	1522698357.548116	1522698362.548926	36	26	0.7222222222222222	8	8	644	1000
sophie	1	6	5.0	1522698357.548116	1522698362.548926	36	26	0.7222222222222222	8	8	539	115
sophie	1	6	5.0	1522698357.548116	1522698362.548926	36	26	0.7222222222222222	8	8	301	758
sophie	1	6	5.0	1522698357.548116	1522698362.548926	36	26	0.7222222222222222	8	8	1370	565
sophie	1	6	5.0	1522698357.548116	1522698362.548926	36	26	0.7222222222222222	8	8	425	524
sophie	1	6	5.0	1522698357.548116	1522698362.548926	36	26	0.7222222222222222	8	8	587	734
sophie	1	6	5.0	1522698357.548116	1522698362.548926	36	26	0.7222222222222222	8	8	1111	706
sophie	1	6	5.0	1522698357.548116	1522698362.548926	36	26	0.7222222222222222	8	8	1147	276
sophie	1	6	5.0	1522698357.548116	1522698362.548926	36	26	0.7222222222222222	8	8	37	57
sophie	1	6	5.0	1522698357.548116	1522698362.548926	36	26	0.7222222222222222	8	8	922	495
sophie	1	6	5.0	1522698357.548116	1522698362.548926	36	26	0.7222222222222222	8	8	204	474
sophie	1	6	5.0	1522698357.548116	1522698362.548926	36	26	0.7222222222222222	8	8	689	599
sophie	1	6	5.0	1522698357.548116	1522698362.548926	36	26	0.7222222222222222	8	8	1472	644
sophie	1	6	5.0	1522698357.548116	1522698362.548926	36	26	0.7222222222222222	8	8	1195	987
sophie	1	6	5.0	1522698357.548116	1522698362.548926	36	26	0.7222222222222222	8	8	1216	260
sophie	1	6	5.0	1522698357.548116	1522698362.548926	36	26	0.7222222222222222	8	8	1627	809
sophie	1	6	5.0	1522698357.548116	1522698362.548926	36	26	0.7222222222222222	8	8	1201	228
sophie	1	6	5.0	1522698357.548116	1522698362.548926	36	26	0.7222222222222222	8	8	930	638
sophie	1	6	5.0	1522698357.548116	1522698362.548926	36	26	0.7222222222222222	8	8	349	341
sophie	1	6	5.0	1522698357.548116	1522698362.548926	36	26	0.7222222222222222	8	8	1258	605
sophie	1	7	5.0	1522698368.871408	1522698373.879076	15	17	0.8666666666666667	8	8	1327	385
sophie	1	7	5.0	1522698368.871408	1522698373.879076	15	17	0.8666666666666667	8	8	449	847
sophie	1	7	5.0	1522698368.871408	1522698373.879076	15	17	0.8666666666666667	8	8	1631	720
sophie	1	7	5.0	1522698368.871408	1522698373.879076	15	17	0.8666666666666667	8	8	657	527
sophie	1	7	5.0	1522698368.871408	1522698373.879076	15	17	0.8666666666666667	8	8	861	729
sophie	1	7	5.0	1522698368.871408	1522698373.879076	15	17	0.8666666666666667	8	8	109	413
sophie	1	7	5.0	1522698368.871408	1522698373.879076	15	17	0.8666666666666667	8	8	859	445
sophie	1	7	5.0	1522698368.871408	1522698373.879076	15	17	0.8666666666666667	8	8	578	862
sophie	1	7	5.0	1522698368.871408	1522698373.879076	15	17	0.8666666666666667	8	8	1529	389
sophie	1	7	5.0	1522698368.871408	1522698373.879076	15	17	0.8666666666666667	8	8	1523	521
sophie	1	7	5.0	1522698368.871408	1522698373.879076	15	17	0.8666666666666667	8	8	1423	161
sophie	1	7	5.0	1522698368.871408	1522698373.879076	15	17	0.8666666666666667	8	8	1389	104
sophie	1	7	5.0	1522698368.871408	1522698373.879076	15	17	0.8666666666666667	8	8	576	380
sophie	1	7	5.0	1522698368.871408	1522698373.879076	15	17	0.8666666666666667	8	8	599	592
sophie	1	7	5.0	1522698368.871408	1522698373.879076	15	17	0.8666666666666667	8	8	566	995
sophie	1	8	5.0	1522698378.577431	1522698383.580237	31	35	0.8709677419354839	8	8	363	523
sophie	1	8	5.0	1522698378.577431	1522698383.580237	31	35	0.8709677419354839	8	8	1415	795
sophie	1	8	5.0	1522698378.577431	1522698383.580237	31	35	0.8709677419354839	8	8	644	90
sophie	1	8	5.0	1522698378.577431	1522698383.580237	31	35	0.8709677419354839	8	8	117	758
sophie	1	8	5.0	1522698378.577431	1522698383.580237	31	35	0.8709677419354839	8	8	1522	700
sophie	1	8	5.0	1522698378.577431	1522698383.580237	31	35	0.8709677419354839	8	8	154	960
sophie	1	8	5.0	1522698378.577431	1522698383.580237	31	35	0.8709677419354839	8	8	1080	666
sophie	1	8	5.0	1522698378.577431	1522698383.580237	31	35	0.8709677419354839	8	8	562	67
sophie	1	8	5.0	1522698378.577431	1522698383.580237	31	35	0.8709677419354839	8	8	1161	864
sophie	1	8	5.0	1522698378.577431	1522698383.580237	31	35	0.8709677419354839	8	8	1518	945
sophie	1	8	5.0	1522698378.577431	1522698383.580237	31	35	0.8709677419354839	8	8	1667	852
sophie	1	8	5.0	1522698378.577431	1522698383.580237	31	35	0.8709677419354839	8	8	718	592
sophie	1	8	5.0	1522698378.577431	1522698383.580237	31	35	0.8709677419354839	8	8	534	637
sophie	1	8	5.0	1522698378.577431	1522698383.580237	31	35	0.8709677419354839	8	8	447	699
sophie	1	8	5.0	1522698378.577431	1522698383.580237	31	35	0.8709677419354839	8	8	636	795
sophie	1	8	5.0	1522698378.577431	1522698383.580237	31	35	0.8709677419354839	8	8	1414	739
sophie	1	8	5.0	1522698378.577431	1522698383.580237	31	35	0.8709677419354839	8	8	1321	240
sophie	1	8	5.0	1522698378.577431	1522698383.580237	31	35	0.8709677419354839	8	8	1191	56
sophie	1	8	5.0	1522698378.577431	1522698383.580237	31	35	0.8709677419354839	8	8	1167	767
sophie	1	8	5.0	1522698378.577431	1522698383.580237	31	35	0.8709677419354839	8	8	574	447
sophie	1	8	5.0	1522698378.577431	1522698383.580237	31	35	0.8709677419354839	8	8	374	247
sophie	1	8	5.0	1522698378.577431	1522698383.580237	31	35	0.8709677419354839	8	8	1669	800
sophie	1	8	5.0	1522698378.577431	1522698383.580237	31	35	0.8709677419354839	8	8	86	421
sophie	1	8	5.0	1522698378.577431	1522698383.580237	31	35	0.8709677419354839	8	8	234	494
sophie	1	8	5.0	1522698378.577431	1522698383.580237	31	35	0.8709677419354839	8	8	555	221
sophie	1	8	5.0	1522698378.577431	1522698383.580237	31	35	0.8709677419354839	8	8	254	255
sophie	1	8	5.0	1522698378.577431	1522698383.580237	31	35	0.8709677419354839	8	8	565	383
sophie	1	8	5.0	1522698378.577431	1522698383.580237	31	35	0.8709677419354839	8	8	985	39
sophie	1	8	5.0	1522698378.577431	1522698383.580237	31	35	0.8709677419354839	8	8	549	837
sophie	1	8	5.0	1522698378.577431	1522698383.580237	31	35	0.8709677419354839	8	8	869	232
sophie	1	8	5.0	1522698378.577431	1522698383.580237	31	35	0.8709677419354839	8	8	273	869
sophie	1	9	5.0	1522698389.451621	1522698394.451981	54	50	0.9259259259259259	8	8	124	118
sophie	1	9	5.0	1522698389.451621	1522698394.451981	54	50	0.9259259259259259	8	8	1379	314
sophie	1	9	5.0	1522698389.451621	1522698394.451981	54	50	0.9259259259259259	8	8	580	899
sophie	1	9	5.0	1522698389.451621	1522698394.451981	54	50	0.9259259259259259	8	8	526	780
sophie	1	9	5.0	1522698389.451621	1522698394.451981	54	50	0.9259259259259259	8	8	546	1011
sophie	1	9	5.0	1522698389.451621	1522698394.451981	54	50	0.9259259259259259	8	8	701	137
sophie	1	9	5.0	1522698389.451621	1522698394.451981	54	50	0.9259259259259259	8	8	417	833
sophie	1	9	5.0	1522698389.451621	1522698394.451981	54	50	0.9259259259259259	8	8	730	619
sophie	1	9	5.0	1522698389.451621	1522698394.451981	54	50	0.9259259259259259	8	8	704	852
sophie	1	9	5.0	1522698389.451621	1522698394.451981	54	50	0.9259259259259259	8	8	387	380
sophie	1	9	5.0	1522698389.451621	1522698394.451981	54	50	0.9259259259259259	8	8	994	547
sophie	1	9	5.0	1522698389.451621	1522698394.451981	54	50	0.9259259259259259	8	8	1227	850
sophie	1	9	5.0	1522698389.451621	1522698394.451981	54	50	0.9259259259259259	8	8	714	33
sophie	1	9	5.0	1522698389.451621	1522698394.451981	54	50	0.9259259259259259	8	8	1023	136
sophie	1	9	5.0	1522698389.451621	1522698394.451981	54	50	0.9259259259259259	8	8	1542	501
sophie	1	9	5.0	1522698389.451621	1522698394.451981	54	50	0.9259259259259259	8	8	1330	522
sophie	1	9	5.0	1522698389.451621	1522698394.451981	54	50	0.9259259259259259	8	8	950	148
sophie	1	9	5.0	1522698389.451621	1522698394.451981	54	50	0.9259259259259259	8	8	561	943
sophie	1	9	5.0	1522698389.451621	1522698394.451981	54	50	0.9259259259259259	8	8	678	952
sophie	1	9	5.0	1522698389.451621	1522698394.451981	54	50	0.9259259259259259	8	8	870	883
sophie	1	9	5.0	1522698389.451621	1522698394.451981	54	50	0.9259259259259259	8	8	846	348
sophie	1	9	5.0	1522698389.451621	1522698394.451981	54	50	0.9259259259259259	8	8	760	285
sophie	1	9	5.0	1522698389.451621	1522698394.451981	54	50	0.9259259259259259	8	8	242	1029
sophie	1	9	5.0	1522698389.451621	1522698394.451981	54	50	0.9259259259259259	8	8	934	412
sophie	1	9	5.0	1522698389.451621	1522698394.451981	54	50	0.9259259259259259	8	8	688	230
sophie	1	9	5.0	1522698389.451621	1522698394.451981	54	50	0.9259259259259259	8	8	365	467
sophie	1	9	5.0	1522698389.451621	1522698394.451981	54	50	0.9259259259259259	8	8	1221	749
sophie	1	9	5.0	1522698389.451621	1522698394.451981	54	50	0.9259259259259259	8	8	862	714
sophie	1	9	5.0	1522698389.451621	1522698394.451981	54	50	0.9259259259259259	8	8	541	261
sophie	1	9	5.0	1522698389.451621	1522698394.451981	54	50	0.9259259259259259	8	8	460	1010
sophie	1	9	5.0	1522698389.451621	1522698394.451981	54	50	0.9259259259259259	8	8	195	458
sophie	1	9	5.0	1522698389.451621	1522698394.451981	54	50	0.9259259259259259	8	8	1076	1040
sophie	1	9	5.0	1522698389.451621	1522698394.451981	54	50	0.9259259259259259	8	8	886	513
sophie	1	9	5.0	1522698389.451621	1522698394.451981	54	50	0.9259259259259259	8	8	448	29
sophie	1	9	5.0	1522698389.451621	1522698394.451981	54	50	0.9259259259259259	8	8	1289	77
sophie	1	9	5.0	1522698389.451621	1522698394.451981	54	50	0.9259259259259259	8	8	591	213
sophie	1	9	5.0	1522698389.451621	1522698394.451981	54	50	0.9259259259259259	8	8	339	703
sophie	1	9	5.0	1522698389.451621	1522698394.451981	54	50	0.9259259259259259	8	8	476	969
sophie	1	9	5.0	1522698389.451621	1522698394.451981	54	50	0.9259259259259259	8	8	201	293
sophie	1	9	5.0	1522698389.451621	1522698394.451981	54	50	0.9259259259259259	8	8	755	103
sophie	1	9	5.0	1522698389.451621	1522698394.451981	54	50	0.9259259259259259	8	8	771	519
sophie	1	9	5.0	1522698389.451621	1522698394.451981	54	50	0.9259259259259259	8	8	397	346
sophie	1	9	5.0	1522698389.451621	1522698394.451981	54	50	0.9259259259259259	8	8	59	803
sophie	1	9	5.0	1522698389.451621	1522698394.451981	54	50	0.9259259259259259	8	8	433	863
sophie	1	9	5.0	1522698389.451621	1522698394.451981	54	50	0.9259259259259259	8	8	76	971
sophie	1	9	5.0	1522698389.451621	1522698394.451981	54	50	0.9259259259259259	8	8	1453	965
sophie	1	9	5.0	1522698389.451621	1522698394.451981	54	50	0.9259259259259259	8	8	1469	21
sophie	1	9	5.0	1522698389.451621	1522698394.451981	54	50	0.9259259259259259	8	8	795	207
sophie	1	9	5.0	1522698389.451621	1522698394.451981	54	50	0.9259259259259259	8	8	705	367
sophie	1	9	5.0	1522698389.451621	1522698394.451981	54	50	0.9259259259259259	8	8	1372	122
sophie	1	9	5.0	1522698389.451621	1522698394.451981	54	50	0.9259259259259259	8	8	308	647
sophie	1	9	5.0	1522698389.451621	1522698394.451981	54	50	0.9259259259259259	8	8	1654	736
sophie	1	9	5.0	1522698389.451621	1522698394.451981	54	50	0.9259259259259259	8	8	1706	101
sophie	1	9	5.0	1522698389.451621	1522698394.451981	54	50	0.9259259259259259	8	8	848	624
